vehicule_name,UIN,conducteur,Label,mode,Start_time,End_time,Duration,Acceleration X,Acceleration Y,Acceleration Z,Gyroscope X,Gyroscope Y,Gyroscope Z
"Peaugeot 208","0F0DS352653090270984","Thibaut D","Conduite non agressive","auto","2026-03-04 10:30:31","2026-03-04 10:30:31",0.04,"[]","[]","[]","[]","[]","[]"
"Peaugeot 208","0F0DS352653090270984","Thibaut D","Virage serre a droite","instantane-5/+5","2026-03-04 10:30:31","2026-03-04 10:30:41",10.12,"[0,0.3,2.5,-0.3,-2.9,0.2,0.4,0.1,0.2,0,0,0.3,0.2,0.4,0.2,-0.1,0,0.2,0,0.2,-0.5,-0.3,-0.8,-0.6,0.1,-0.8,-0.4,0.1,-0.1,-0.2,-0.2,-0.6,1.2,0.1,-0.3,-0.1,0.1,0.1,-0.2,0.3,-0.2,0.3,-0.4,0.1,-0.5,-0.2,0.1,-0.2,0.1,0.1,0,0.4,2.1,2,0.2,2.3,4.2,2,1.1,3.8,2.3,3.6,1.4,4.8,3.3,6,3.2,4.1,4.1,3.8,4.5,2.3,2.9,3.9,2.6]","[0.5,-0.1,-1.4,-0.1,5.9,1.7,-2.9,0.6,-0.2,-0.3,-0.4,-0.7,-0.7,-0.7,-0.5,-0.4,0.1,0.1,0.5,0.2,0.7,0.9,1.5,1.8,0.4,0.6,0.7,0.9,0.9,0.9,1.1,0.3,1.5,1,0.7,0.6,0.5,0.5,0.2,-0.1,0.5,0.2,0.6,0.4,0.5,0.6,0.4,0.4,0.2,0,-0.4,0.1,0,0.7,-1,-1.9,-2.1,-2.3,-3.5,-1.7,-3.8,-1.7,-0.7,-2,-0.9,-2.4,-1.5,-0.6,-1.2,-3.7,-2,-1.2,-0.5,0.3,-0.8]","[-0.7,-0.1,-0.9,-0.8,2.2,2.8,-7.7,0.4,0.2,0.4,-0.1,0.4,0.5,-0.1,-0.2,0.1,-0.1,-0.2,0,0.1,1.2,-0.9,-0.9,-1.2,-1.3,0.4,0.1,-0.2,-0.7,-0.3,-0.6,-0.3,-0.2,-0.2,-0.3,0.2,-0.5,-0.2,0,0.2,0,-0.1,-0.3,0.2,-0.2,-0.3,0,-0.1,-0.4,0.1,0.2,-0.6,0,-1,-2.3,-1.8,0.1,-1.1,3.1,1.9,3.7,1.2,4,2.2,2.5,-1.1,1.6,6,0.3,1.4,3.4,1.4,1.1,1.4,1.2]","[2.7,4.7,-86,82.4,-95.5,18.5,-125.3,28,-1.1,-1,-6,1.1,0.4,-10.9,-4.3,-0.4,-0.3,-1,-0.9,-1.1,9.3,1.7,5.3,-16.1,7.3,8.9,5,-0.4,3.1,6,1.7,0.4,0.1,-4.9,-0.3,0.1,-0.9,0,2.4,-5,0.8,-3.9,8.5,-0.2,-2,-1.4,-2.9,5.3,2.2,2.3,-0.6,-1.3,-13.2,-32.4,-109.8,-16.1,0.3,-6.8,69.5,119.1,140.5,59.5,-12.2,-48.8,44.9,-25.9,-60.6,19.4,77.2,146.1,88.6,-10.3,3.2,-18.9,18.6]","[9.2,-26.4,71.5,-153.9,-109.2,-14,136.8,38.9,-2,-2.2,-11.5,-0.9,2.2,-18.9,-18,-9.7,-1.5,-7.6,-5.3,-1.1,-11.3,-0.8,20.8,18.4,21.4,0.9,-0.2,-5.7,7,6.4,1.8,5.5,-0.6,-4.2,-2.7,0.5,1.1,-0.5,10,-10.8,3.3,-4.3,17.6,-4.2,-5.5,-2.6,-10.6,7.7,10.9,5.5,5.3,9,-1.5,-31.2,29.4,-0.4,-8.6,5.2,68.9,21.1,-11,-34.5,-39.2,-34.1,-27,-19.6,68.8,70.3,-81.3,-128.4,-54.9,9.7,-38.1,-15.1,-42.6]","[7.7,-9.8,-29.6,-11.8,16,22.4,30.4,-9.2,-0.4,-0.4,-1,-0.2,-1.5,-2.1,4.8,1.9,-2.3,0.3,0.8,-3.5,5.5,-1.9,-5,5.5,-1.1,3.2,-0.6,-0.2,-0.6,-0.2,-2.8,20.3,-1.9,-0.1,0.4,-1.3,-0.2,1.1,-2.5,4.2,-3.4,-0.4,-0.9,2.5,1.4,-0.4,2.6,-1.1,-0.7,-3.3,-0.6,-11.5,9.8,50.1,199.9,-17.9,-41.7,-30.6,-21.4,-46.9,-60.5,-56.5,42.4,11.4,35.5,-73.2,-98,-48.1,-90.4,-91.7,-32.9,18.1,-4.5,-19.6,-28.8]"
"Peaugeot 208","0F0DS352653090270984","Thibaut D","Conduite non agressive","auto","2026-03-04 10:30:41","2026-03-04 10:31:09",27.21,"[3,-4.3,0,12.1,-5.3,2.7,-0.2,0.1,-0.3,0.4,0.1,-0.1,1.3,0,0.2,-0.5,1,0.5,0.8,1.2,0.9,1.1,0.7,1,1.1,0.7,0.4,1.3,1,0.8,0.3,0.2,-0.6,-1.7,0.1,-1.6,-1,0.1,2.7,-1.8,-0.1,2.2,0.8,-0.2,-0.6,-2.7,0.7,1.5,-0.8,0.8,-1.1,0,0.9,-0.9,0,-0.4,0.3,0.2,-0.4,-0.1,-0.2,-0.4,-0.2,-0.1,0.1,-0.5,0.8,-0.3,-0.2,1,-0.3,-0.1,-0.7,-0.3,-0.3,-0.3,-0.5,-0.1,0.1,-0.2,0.4,-0.3,0.6,0.5,-0.1,0.7,-0.4,0.1,0.6,0.7,0.4,1.1,0.4,0.1,1,0.3,0.5,0.3,0,0.3,0.2,0.3,0.5,0,0.4,0,0.2,0.2,0.4,0.2,0.3,0.3,-0.4,0.1,-0.2,-0.4,-0.2,0,0,-0.1,-0.2,-0.2,0,-0.3,-0.1,-0.3,0.1,-0.1,-0.3,-0.2,-0.1,-0.3,0.3,0.1,-0.3,-0.1,0.3,-0.5,0.4,0.2,-0.3,-0.2,0,-0.1,0.1,0.4,-1,-0.1,-0.6,0.1,-0.3,-0.2,0,0.1,0.3,-0.2,0.1,0.6,0.4,0,0.1,0.1,-0.2,-0.1,-0.4,-0.3,0,0,0.3,0.1,-0.1,0.8,-0.5,1.1,0,0.5,-0.4,-0.1,1.2,0.7,1,1.4,1.7,1.8,1.9,1.1,2.9,1.3,1.6,1.1,0.6,0.2,-1.6,-1,-0.8,-1.4,0.2,-1.5,0.6,-1.6,0.9,-0.6,-1.5,4]","[-1.4,-7.8,-4.2,2.5,-2.3,0.8,-2.4,-2.3,-2.1,-2.6,-1.4,-2.4,-1.9,-2.6,-2.9,-2.4,-2.9,-2.2,-1.9,-2.2,-2.2,-2.1,-1.5,-2.1,-2.5,-1.7,-1,-1.9,-2.2,-1.7,-0.9,-1,-0.5,1.7,-0.1,-0.1,0.3,1.9,-1.6,-2.6,-5.5,2.1,-1.3,-0.9,-1.2,-2.3,-1.6,-2.6,-0.6,-0.2,-0.9,-1.2,-1,-0.3,-1.1,-0.9,-0.9,-1,-0.3,0,0,-0.3,-0.2,-0.1,-0.5,-0.2,-0.2,-0.3,-0.3,-0.6,0.1,0.2,0.9,0.9,0.7,0.7,0.3,0.2,-0.2,0.2,-0.1,0,0,0.2,0.2,-0.6,-0.4,0,-0.2,-0.6,-0.7,-0.7,-0.4,-0.7,-0.5,-0.4,-0.5,-0.7,0.4,-0.2,0,-0.2,0.2,-0.4,0.4,0.2,-0.3,0.4,0.2,0.2,0.2,0.1,0,-0.1,-0.1,-0.2,-0.1,-0.1,-0.5,-0.2,-0.2,-0.2,0.2,0.2,-0.1,0.3,0.1,0.1,0.3,-0.1,0.3,0,-0.4,0,-0.3,-0.1,-0.5,-0.4,0,-0.4,-0.6,0.5,-0.1,0.4,-0.4,-0.6,-0.2,-0.2,-0.1,-0.2,-0.2,0,-0.7,0.2,-0.1,-0.1,-0.5,0.2,-0.2,-0.2,-0.2,-0.2,-0.4,-0.1,-0.3,-0.2,-0.2,-0.1,0,-0.2,-0.1,-0.2,-0.7,0,0.5,0.7,-0.2,0.2,0.5,0.8,1.2,1.8,2.2,3,1.8,2.2,3.1,1.7,1.9,1.9,1.7,0.8,0.3,0.1,0.7,0.7,0.6,0.6,-0.1,-1.7,-3,-1.3,-2.7,-1.5]","[0.9,1.3,1.5,4,-5.4,-1.3,0.5,-0.2,0.6,0.5,1.2,-1,0.2,-0.4,-0.1,0.7,-0.8,-0.6,0.2,1.5,0.3,0,0.3,0.5,0.1,0,-0.7,-0.4,0.1,0.4,0.1,0.5,-0.1,-0.4,0,-1,0.2,2.5,3.8,-4,5.9,-1.2,0.7,-0.6,-0.5,-0.3,0.4,-1.5,0.7,0.1,0.4,0.6,0.2,-0.8,0.7,-0.4,0,0.2,0.1,-0.5,0.3,-0.2,-0.4,-0.1,-0.2,-0.4,-0.2,-0.5,0.7,0,0.2,0,-0.3,-0.2,0,-0.1,-0.4,-0.5,0.1,0.4,-0.4,0.3,0.2,-0.1,0.7,-0.6,-0.1,-0.5,0,-0.1,0.3,0,0.4,0.5,0,0.5,0.5,0.1,-0.3,0,0.1,0.8,-0.1,0.2,-0.5,0.1,0.7,-0.4,-0.1,-0.2,0.1,-0.5,0.2,-0.2,-0.1,0.5,-0.4,0.6,1,-0.1,0.8,0,-0.1,-0.3,0.1,-0.6,-0.2,0.6,-0.2,0.2,-1,0.3,0.2,0,0.2,0,0,-0.3,0.1,0.3,0,0,-0.4,1.3,1.3,0.2,-0.1,0.1,0,0.4,0.4,0,0.4,-0.5,-0.1,-0.2,-0.1,0.1,0.9,-0.3,0.5,-0.3,0.6,-0.4,-0.2,0.5,-0.3,0.2,0.5,0,0.9,0.1,0,1.6,0.2,-1,-0.6,-0.3,-0.5,-0.7,-0.3,-1,-0.6,2,-0.2,-1.4,-0.5,-0.2,-1.3,-0.7,0.4,-0.2,0.2,-0.1,-1.3,0.7,0.1,1.3,4.2,-0.2,1,0.3,0.4,-1]","[6.6,-15.6,-159.5,-83,-69,-144.2,3.8,4.2,2,5.9,5.7,-12.6,4,-12.9,4.7,-8.8,-13.5,-5.9,2.5,-0.8,-6.2,0.2,0.4,-0.9,0.7,4.2,0.5,-4.5,-1,7.4,-0.1,5,3.9,9.7,-19.1,-95.2,-5.6,15.8,124.6,41.7,104.7,0.6,10.4,-7.8,9.4,13.1,10.1,-8.8,-3.2,-5.3,8.2,-18.1,18.6,-14.7,-1.1,-0.7,-1,0.2,-0.2,0.7,-1.7,1.8,2.8,-0.8,7.6,-11.1,-6,1.8,5.7,2.2,2.5,4.1,8.4,-6.9,1.9,-5.2,2.1,-3.1,2.1,0.7,2.1,0,-0.4,1.5,-0.4,-1.9,3.4,2.4,-3.9,-6.6,-1.6,3.7,-1,6.5,-1.5,4.3,1.4,-4.3,0.5,3.9,-2.6,4.5,-3.6,5.5,0.6,-1.8,3,-5.6,0,-0.4,-1.2,-3.4,0.4,-1.7,-3.1,-4.9,-3.2,3.2,5.8,0.2,0.7,-0.4,-0.9,-1,2.5,-2,-1.6,2.6,-2.3,4.4,-7.3,1.4,1.4,-4.7,2.8,-0.3,2.5,0.6,1.3,2.3,4.6,0.8,-2.6,-1.6,7.7,4.4,4.6,-1,-1.5,2.2,3.4,-4,8.1,-0.3,5.6,1.3,1,-4.4,7.1,-4.8,2.8,1,-0.6,0,-1.8,1.4,0.6,-0.3,1.7,-0.2,1.7,2.7,-2.7,-2.3,-1.8,-6.5,-9,-8.8,-4.5,-5.6,9.7,-6.6,-1.3,-9.8,14.6,-9.4,-10.5,0.1,-2.1,4.2,1.1,4,-1,-1.3,-3.4,-0.8,1.6,4.7,-7.7,0.3,-3.1,29.1,119.3,-57.2]","[-12.8,56.1,-32.7,12.2,10.9,-21.8,-9.2,-1.6,-5.6,-12.1,-9.3,-16.2,14.1,-1.7,3.4,2.8,2.3,-3.8,-7,0.4,-1.7,-1.9,-7.2,-7.4,-6.3,-0.4,-1.2,-10.2,-2.3,-7.8,-4.9,-7.2,53.2,-1.3,-33.8,46.3,-16.1,127.9,132.5,-185.1,-137.4,12.4,31.6,-25.7,23,35.3,56.6,13.1,-9,-14.6,12.1,-36.3,32.5,-33.2,-6.4,1.7,-6,3.4,-0.8,-1,1.1,0.9,7.3,-0.6,14.8,-4.5,-15.5,-5.9,19.3,9.1,-3,0.5,7.6,-10.8,0.9,-5.2,-1.8,-9.7,1.1,-7.1,-2.1,0.9,-1.7,4.1,4,1.3,-3.1,-2.5,5.4,-6.1,-5,-2.1,-3.1,5.6,-4.7,-0.5,3.4,-14.3,2,2.3,-5.7,1,-4.2,2.3,3.7,-1,1.9,-4.9,0.1,-0.3,2.3,1.7,0.8,0.7,-2.9,-1.6,-4.5,8.1,6,-1.9,3.6,9.4,2.7,-1.2,4.1,1.4,3.9,5.8,-0.9,2.2,-9.5,4,-0.1,12.4,-2.2,-3.8,2.1,4.5,-5.9,-2.9,6.7,-3.1,-2.9,4.2,13.3,6.6,2.4,-4.5,-7.7,1.7,3.9,-6.9,1.9,-6.6,2.1,0.1,3.2,-4.2,9.4,-4.1,1.3,3.9,-3.7,-2.9,-3.9,2.3,0.7,1.9,9.7,0.5,-1.6,4,-8.4,-17.8,-5,0.5,-22,-2.2,-9.4,-3.7,2.8,-12.7,1.3,-24.5,6.2,-11.3,-16.1,-14.7,-3.6,5,4.3,11,2.8,2.8,2.3,14.7,8.1,18.2,-18.7,-8.8,0.9,-8.3,38.8,-4.5]","[3.5,141.1,257.7,222.2,10.7,5,-22.8,-22.1,-22.7,-24.4,-28,-19.9,-27.4,-18.3,-22.7,-21.8,-22.7,-26.7,-28.3,-28.8,-26.2,-27.2,-26.5,-23.7,-22.6,-24.8,-21.3,-21.1,-21.3,-19.6,-17.2,-14.9,-78.4,-16.4,-18.9,-65.7,2.3,-31,-63.4,-238.9,-147,16.3,2.4,1.1,2.9,50.3,-29,-84.8,16.6,9.6,40.3,34.7,-26.8,-56.2,0.3,-0.1,2.4,-1.1,-1.7,-0.5,0.9,2,0.3,1,-3,2.1,0.5,4.5,-0.1,8.2,-5.3,3.8,0.6,-1.3,2.4,-0.7,1.2,1.9,1.4,3.2,0.8,1.2,-0.2,-1.1,0.4,-0.5,2.1,-3.3,-6.1,2.1,-3.2,-2.7,1.1,0.6,-1.8,-2.9,-2.5,1.6,-4.6,1.4,-2.7,-1.4,-2,-1,-4.1,-2.7,-3.3,-4.6,-3.8,-3.8,-4.6,-5.6,-2.6,-2.2,-1.2,-0.7,-0.6,0.1,2,1.3,-0.3,-3.6,0.3,-0.3,2.2,0,-2.6,0.9,0.3,1.3,-0.8,-1.8,-2.6,-2.7,3.8,-0.8,2.8,0.9,3.2,1.4,-2.4,-2.7,1.7,-2.1,2.9,1.2,4.2,4.7,3.1,1.5,1.8,2.1,1.8,-1.7,1.2,2.4,0.8,2.7,5.1,2.6,0.4,1.7,3.2,5.3,5,3.2,4.2,3.5,1.3,5.2,6.4,0.2,8.3,1.4,2.8,-0.9,7.3,-0.7,2.5,-6.2,-2.3,-2.4,-7.8,-7.8,-16.4,-13.7,-11,-12.3,-15.9,-12.4,-11,-7.4,-13.7,4.5,-1.4,0,1.7,-9.8,-5.3,-2.8,-16.5,11.5,34.1,14.1]"
"Peaugeot 208","0F0DS352653090270984","Thibaut D","Acceleration","instantane-5/+5","2026-03-04 10:31:09","2026-03-04 10:31:19",10.12,"[0.3,-2.5,-0.2,-0.1,0.4,-0.9,-0.1,0.2,0.2,0.8,-2.2,0.5,-0.8,-0.3,-0.7,0.1,-0.9,1,-0.6,0,0.7,-0.3,-0.7,0,-0.6,-0.4,-0.4,-0.9,-1.2,0.8,-0.3,-0.1,-0.1,-0.5,0.8,-0.1,-0.6,-1.2,1.6,0.3,-0.7,0.9,-0.5,0.9,-0.6,0,0.1,-1.7,0.3,-0.6,-1.1,1.6,-1.1,-6.8,2.1,-0.3,-4.2,5.7,-1.1,-0.1,-0.9,0,-0.3,0.1,-1,1.1,0.5,-0.3,0.8,-0.8,0.2,0,-0.2,0,0.9]","[-1.1,-0.7,-1.2,-1.2,1,-0.2,-0.4,-0.4,0.2,0.1,-3,1.9,0.6,-0.2,-0.4,-0.4,0.3,-0.3,1.3,1.1,1.1,1.2,1,0.9,1.1,0.7,1.3,1.4,1.2,-0.3,0,-1.1,-0.1,0.1,0.3,-0.9,-0.3,1.1,-0.1,-0.4,0.7,-0.7,-0.3,-0.4,-0.2,-0.3,2.6,1.5,1.3,1.3,1.2,3,0.4,-1.7,1.8,2.3,1.2,0.4,1,1.2,1.5,1.1,1.6,1.2,0.6,-2.1,-1.9,-1.6,0,0,-0.2,0,0.4,0.4,0.2]","[1.1,0.5,1.7,1.9,1.8,-1.6,-0.8,2.8,-0.7,1,-0.7,0,-0.6,-1.4,-0.4,0.2,-0.5,-0.5,-0.2,0,0.7,0.4,-0.4,-0.1,-1.1,-1.7,-0.4,0.6,-0.2,0.2,-0.8,-0.5,-0.2,-1.6,-0.7,1.8,-0.8,-0.9,-0.7,-0.1,0.5,1,-0.1,-0.2,-0.4,0.5,0,-0.3,-0.1,-0.1,-0.9,-1,2.3,-0.8,2.8,-3.5,0.1,2.7,-1.6,-2,-0.8,-0.6,0.7,-0.5,-0.9,1.3,2.2,0.5,-1.4,0.3,-0.6,0.2,0.4,-0.6,2]","[8.7,-41.5,-26,46.8,2.9,-14.7,-7.1,12,-3.2,23.1,-16.9,-58,-8.4,-1,17.7,4.6,-5.4,13.3,-1.3,3.2,-1.8,8.4,-1.3,0.7,-9.5,-7.5,1.1,6.2,47.3,16.2,-9.7,-6.6,9.4,-7.3,2.6,5.5,4.4,9.8,-3.1,-8.1,-2,3.6,6.8,3.1,-1,1.5,8.9,-14.3,6.8,3.1,-3.4,-4.1,55.3,60.1,-71.7,-69.4,9.7,-35.9,10,2.1,4.7,1.4,2.3,10.3,11.8,19,15.5,-13.8,10.9,-4,8.2,2.1,5.9,-5.7,-11.9]","[-35.8,-61.3,-35.1,12.5,37.5,-10.9,-3.1,-11,-62.4,-13,56.6,-62.1,3.8,20.8,37.8,10.3,9.1,19.3,2,5.6,-11.8,5.4,-3.5,2.2,-5.4,-3.8,5.2,2.1,45.6,5.4,4.6,-0.9,17,-4.3,7,-14.3,6.9,-2.1,16.9,-7.7,-0.6,2.3,8.5,-5.3,2.8,6.6,9.1,-10.7,5.5,0.3,-7.6,26.7,-12.5,14.6,-16.1,-50.1,-41.9,53.9,-22.2,0.6,0,-2.3,-0.2,9.9,3.9,2.8,6,1.3,32.5,-7.2,7,0.1,-0.1,0.7,-42.2]","[-1.4,27.6,40.9,0.6,-15.2,21.3,10.6,29.3,-1.4,-14.3,-10.5,-53.4,1.9,114.9,0.8,-5.1,7.7,-12,-0.1,2,-4.6,4.6,4.8,5,2.5,5,0.1,0.2,-19.9,6.9,-1,4.2,-6.1,-1.7,-5.8,22.1,-6.8,-2.1,5.6,-2.9,-18.3,9.7,-9.4,-0.5,1.1,-4.6,-9.1,11.4,-2.4,7.6,7.3,9.2,14.9,26.9,20.8,-17,-25.4,-50.6,5.5,-3.8,1.3,-2.2,-2.1,-14.6,-22.7,5,12.2,31,-17.6,12.6,-2.6,0.1,-6.8,-7.1,0.3]"
"Peaugeot 208","0F0DS352653090270984","Thibaut D","Conduite non agressive","auto","2026-03-04 10:31:19","2026-03-04 10:31:44",24.87,"[0.8,-2.3,-2.1,2.8,1.3,-0.7,-1.7,-0.8,0.6,-1.3,1.2,0.5,0.3,-1.5,-0.9,-0.4,-0.2,0.2,0.4,-0.3,0,0.6,0.7,0.2,0.3,1.8,-2.6,2.2,3.5,1.9,1.7,-2.9,-0.8,3.5,-0.4,0,0.3,0.3,-0.9,1.6,0.8,-0.4,1.3,-0.3,1.2,0.5,0,0,0.2,0.5,-0.1,0.8,0.1,0.4,-0.4,-0.4,0,-0.2,0.6,-0.2,0,-0.4,-0.1,0.2,0.1,0,1.5,0.3,0.1,0.5,1.3,-0.5,0.2,1.1,1.2,0.3,0,0.3,-0.2,1.3,-0.7,-0.2,-0.7,0.3,-1.4,-0.1,-0.9,-1.1,-1.2,-1.1,-2.3,-3.2,1.5,0.2,-0.7,-0.6,-1,0.4,-2.2,0.1,-0.6,-0.9,-1.7,-1.1,-0.8,-0.9,-0.9,-1.6,-0.4,-2.1,-0.3,-1.9,-1.6,0.1,0.1,0.4,0.9,-0.8,0.6,0.9,-0.4,0.5,0.5,0.2,0.1,-0.2,1.5,2.1,-0.7,0.5,1.2,1,-0.4,0.2,0.7,0.1,0.4,-0.4,0.3,-1.1,0.1,-1.3,-0.4,-1.9,-1,-2.3,-2,-0.9,-1.2,-1.6,-1,-1.5,-1.4,0.1,-1.4,-0.1,-0.3,-2,-0.7,-1.4,0,-0.7,-0.9,-0.6,-0.8,-0.6,-1,-0.5,-0.7,-1.1,-0.4,-0.6,-1.9,0.6,0.7,-0.2,-1.2,-0.1,-1.2,-1.1,-0.9,-0.8,-0.4,-0.2,-0.2,0.2]","[-2,-3.3,3.6,-0.2,1.4,-4.5,-3.8,-1.2,-1.3,-2.6,-0.1,-1,-2.7,-2.1,-2,-1.3,-1.9,-1.6,-1.1,-0.7,0.5,0,0,0.2,-0.3,-1.6,-3.9,-0.5,3.5,-1.5,0.3,-3.7,0.4,-0.6,-1,-0.6,-0.3,-0.6,0.5,-1,-0.7,-0.7,-1.1,-0.8,-1.1,-1.1,-1.2,-1.1,-0.5,-1.5,-0.7,-1.3,-1,-1.1,-0.2,0,-0.2,-1,-0.5,-0.6,0.5,1.2,0.4,0.4,1.4,0.4,1.6,1.2,1.1,1.3,0.8,0.7,1.2,-0.9,-0.7,-1.8,-1.6,-1.4,-1.5,-1.6,-0.7,0.2,1.1,-0.1,0.9,1.2,3,2.6,2.8,1.8,1.6,1.8,0.7,2.2,1.7,1.3,1.5,-0.7,0.4,-0.5,0.4,0,-0.3,-1.1,0.8,1.6,1.3,0.9,1.6,0.9,0.3,1.5,1,0.9,0.8,0.2,0.5,0,0.2,0.2,-0.1,-0.5,0.2,-0.4,-0.7,-0.3,-0.6,-1.6,-0.9,-0.1,-0.8,-0.7,0.1,0.3,0.7,-0.1,0,0.5,0.1,0.1,-0.2,-0.8,-0.5,-0.1,-0.4,-0.2,0.5,-0.6,-0.1,0.3,0.1,0.4,1,-0.1,1.9,0.4,0.9,0.3,0.5,1.5,-0.9,0.9,0.3,0.2,-0.3,0.3,-0.1,-0.3,-0.1,0,-0.5,0.2,-0.9,-1.5,-1.3,-0.5,2.2,-2.1,1.5,-0.5,-0.1,-0.1,-0.4,0.2,-0.2,-0.4]","[1.8,1.2,-2.3,3.5,6.8,-1.3,-1.1,1.4,-0.3,3.7,1.1,0.6,3,5.6,2.1,2.1,0.6,0.2,0.1,-0.5,-0.4,-0.5,-0.2,-1.4,0.8,-0.4,-3.2,1.5,7.7,0.1,-1.6,-0.4,2.2,-2.1,2.9,5.1,1.9,-1.2,0.6,0.1,0.4,1.1,-0.3,1.2,0.9,0.8,0.8,0.3,0.3,0.9,0.7,0.6,0.5,-0.4,-0.5,-0.6,-0.5,0.2,-0.3,1.3,0.2,-0.2,1.9,-2.4,-0.2,-0.4,0.1,-0.7,-0.4,-0.3,0.7,0.3,-0.8,-0.9,1.2,0.1,0.4,0.6,0.5,0.5,0.8,-1.3,-0.5,1.1,-1,-0.6,-0.9,-0.7,-0.6,0.8,-0.8,-1.7,-2.7,0.8,0.9,0.8,-2.2,1,1,0.2,-0.3,-0.2,0.6,-0.4,-2.2,1.6,0.4,-0.2,-0.7,0.4,-1.4,-1.1,-1.1,-0.3,-0.8,-0.9,2.1,-0.4,0.2,2.6,0.2,0.7,0.7,1.2,0.6,-2,5.1,0.3,-2.1,3,0,0.2,0.3,-0.4,0.4,0.7,-0.3,0.4,-1.5,0.2,0.4,0.7,0.1,-0.4,0.2,0.6,-1.9,0.2,-0.4,-0.1,-0.5,-0.2,-0.2,-1.1,0.1,2.1,1.6,-0.7,-1.1,2,-1.3,1.7,-0.5,0.3,0,0.9,1.3,1.8,-1,-0.4,-0.1,0,0.9,2.3,-0.9,-1.6,2.9,1.7,-0.5,1,0.2,0.1,-0.1,0,-0.6,-0.1]","[16.1,179.2,-101.9,100.9,23.8,50.7,7.4,-13.9,48.7,2.2,-20.7,4.9,32.1,27.6,-8.9,-20.9,-1.1,-8.2,-35.4,-19,-2.1,-8.7,-2.9,-19.1,-8.2,-1.7,-101.3,-73.1,48.2,70.4,2.7,39.3,-3.8,-21.1,9,-20.6,21.3,0.4,3.6,-2.3,-1.6,8.5,-0.2,1.3,-2.6,5.1,9.6,2.9,-5.3,-1,-3.6,-0.6,3.1,-2.8,-4.1,-1.7,-2.4,-1.1,-1.8,-1.8,4.5,-0.6,-4.8,-4,2,1.4,-2.7,-0.7,-2.1,8.8,10.7,3.5,-6.5,1.7,-2.7,1,-3.6,-1.8,1.8,0.3,4.9,9.7,-3.6,-0.8,-6.3,7.9,7.3,4.3,0,1.9,10.2,4.6,-26.9,7.3,4,-2.5,5.6,-2.7,21.1,-21.7,-9.8,-4.4,5.4,-5.4,11.6,20.8,5.3,1.6,-10.9,-1.5,6.1,-4.7,-3,-12.6,-1.3,1.4,13.8,-0.8,-4.8,2.2,6.4,-3,5.1,9,-3.1,3.2,20.4,-1.3,5.9,14.4,-27.1,1.7,0.3,-3.4,-13.9,-13,-9.5,2.7,11.1,3.1,-6.1,-14.1,1.4,-0.7,-6.7,7.7,-30.9,4.4,18.4,12.3,8.9,-0.5,2,6.6,14.8,6.3,9.8,-11.6,8.9,16.3,7.6,19.8,4.2,-1.3,0.2,0.5,-1.3,1.5,-2.4,-3.4,-0.3,8.7,-23.2,-8.7,6,14.4,17.9,-10,12.9,11.5,-1.9,1,2.9,3.2,3.6,2.2]","[0.9,164.8,-81.8,92,51.6,43.8,-28.3,-28.2,1.2,-46.7,17,34.6,-3.8,-45.5,-19.5,-0.2,-11.2,7.3,-12.2,39.6,-5,8.4,-2.4,-15.1,26.6,13.4,-26.9,-106.8,112.7,121.9,79.4,-85.3,-47.7,-6,-68.2,-72.4,21.2,2.5,10.7,-0.5,-2.7,5.4,3.6,0.6,-6.5,-1.8,5.2,1.3,2.2,-2.6,-11.8,0.7,-0.6,-0.8,-3.4,3.4,2.3,-0.8,-0.5,-5.9,-5.8,0.9,-1.1,3.4,-5.1,-2.2,3.8,0.4,0.4,-2.2,-7.2,-3.4,5.8,-0.4,-3.1,-2,-3.8,-3.3,-2.5,-1.3,0.4,0.7,-15.7,9.6,-0.7,4.7,4.2,7.3,3.4,8.5,-7.4,-21,15.8,7.3,-5.6,-7.1,25.2,-14,13,-32.9,-11.9,6.9,7.4,-20.5,42.4,32.1,3.4,-9.7,-12.9,1.8,13.1,6.6,-7.3,-16,8.6,15.4,9.2,-5.6,-4.5,-13.6,-1.1,-13.4,15.8,1,-16.2,17.1,23,-5.5,-2.8,-11.7,-23.7,-2,-8.4,-8.2,-21.6,-25.5,-14,1.7,31.7,2.9,-10.9,-24,10.1,-5.2,-8.6,-0.6,-27.2,14,26.6,16.8,8,0.7,2,11.4,11.1,4.6,-5.6,-15.3,9.9,1.3,2,8.3,-8.2,4.6,-2.4,4,-7.9,-4.2,-1,-1,9.5,10.9,-42,5.2,11.1,8.9,13.6,-0.7,5.5,2.9,-2.7,-0.1,-1.5,3.2,0.2,3.7]","[-15.4,21.9,43.7,28.3,-58.1,9.4,-14.6,-7.3,-0.3,11.2,-22,-16.5,-17.6,-9.5,-3.7,27.6,18.9,-4.5,-7.8,12.2,4.5,-6.2,1.6,-12.7,-2.3,-1.2,131.9,207.5,-25.7,-130.2,-184.3,-140.2,13.1,-82.3,-38.1,-4.6,-8.1,1,2,-10.5,2.1,-2.6,-6.1,0.3,-1.7,1.4,4.5,-2.9,-7.6,9,5,-0.7,0.8,-3.6,3.5,-5.3,0.4,6.5,-2.3,1.8,-5.6,0.7,0,2.9,-6,1,-4.9,-8.1,-10.6,-21.2,-14,0.9,-21,-3.6,-9.6,-3.4,-7.9,-1.6,0.1,5.9,-1,-11.2,14,-2.6,-4.7,-8.3,-9.7,-2.4,-10.3,3.9,6,68.3,74.2,10,-11.8,-0.2,-3.4,4.8,4.2,11.3,17.1,-1.2,17.4,10,0.6,6.4,13.3,21.3,8.2,21.6,6.8,9.9,15.2,24,1.7,1.1,-3.3,6.2,-2,6.1,-1.8,3.5,-4.2,-5.7,6.9,-9.2,-6.1,-5.9,-8.3,-6,4.1,-10.9,4.4,-5.4,1.1,-0.4,-2.2,3.4,-0.4,6.5,11.8,21.6,7.3,50,55.8,22.8,46.9,91.7,6.7,15.3,15.7,28.9,19.4,9.1,32,19,18.3,26,14,23.8,17.4,13.4,15.4,18.3,16.4,17.8,22.5,17.2,16.9,20.6,12.2,8.8,26.4,7.7,2.4,18.9,32.5,19.2,17.6,13.6,17.1,19.1,13.6,15.9,13.2,10.2]"
"Peaugeot 208","0F0DS352653090270984","Thibaut D","Virage serre a gauche","instantane-5/+5","2026-03-04 10:31:44","2026-03-04 10:31:54",10.11,"[-0.1,0.4,-0.5,0.5,-0.1,2.2,0.3,-1.1,0.8,1.4,0.8,0.1,0.7,3.8,2.3,0.9,1,3.7,0.8,1.7,1.5,2.9,1.1,1.7,1.9,4.3,-3.9,-0.4,1.6,1.5,-2.3,-3.7,0.4,-4.6,-4.5,0,-2.2,-0.1,-0.2,1.6,-2.3,-1.4,0.2,-0.4,-0.8,-1.4,0.5,-2.4,0.1,-1.4,0,-0.1,-1.4,-4.3,-4,-4,-7.2,-5.2,-1.5,-6.5,-5.6,-5.5,-6.5,-4.6,-3.7,-4.1,-2.4,-3.2,-2.7,-0.9,0,1.9,3.1,1.1,1.5]","[-0.4,-0.3,0.3,-2.1,0.5,-1.9,-0.1,-0.3,-1,-1.8,-1.6,-0.9,-0.2,-3,-2.8,-0.9,-1.7,-2.6,-1.5,-1.1,-4.6,-4.7,-2.1,0.6,-1.1,-3.7,-4,-1.5,-1.6,-0.6,-1.2,-1.1,0.9,-1.2,1.2,0.2,0.2,-0.7,1,1.6,0.5,0.4,1,0.3,1.3,-0.8,0.5,0.7,3.6,0.3,0.8,0.9,0.7,1.1,1.1,-0.1,0.4,1.5,1,-5.4,-1.8,-0.4,-1.7,-1.9,0.6,0.5,-1.1,-2,-0.5,-1.9,-1.4,-1,-1.1,-0.8,-0.9]","[-0.3,0.9,2.4,-1.2,0.9,2.4,1.8,1.2,-0.5,-0.8,0.1,0.2,-1.3,1.1,1,0.8,-0.2,-1.8,-0.8,-1.1,1.5,1.9,-0.7,-2.7,-2.5,-0.8,-4.6,3.2,1.4,-0.3,0.7,1.4,-1.8,1.3,22.5,-2.7,0.8,0.2,0.6,-1.3,-2.2,-0.3,0.4,-0.2,-0.9,-0.9,3.2,-4,0.8,1.4,-1.2,0.7,-1.3,-1.4,-1.1,0.6,3.2,5.5,2.9,5.9,2.1,1.3,-1.1,0.1,1.6,4.2,1.2,1.3,-0.4,0.8,1,1.9,1,1.4,2.3]","[-0.7,4.8,5.5,-7.9,14.9,8.7,-0.7,0,16,-10.1,-7,-14.6,0.9,-25.1,-25.3,-15.4,-20.1,-32.3,-7.1,-13.2,3.3,13.3,-5.8,-45.2,-4.4,87.6,47.9,54.4,3,68.5,33.7,24.5,9,4.4,-138.1,-7.8,-0.5,-6.1,-21.4,-2.9,-1.3,4.9,0.4,2.8,-6.2,-13,64.7,119.3,-9.5,-35.4,-3.9,14.2,-14.3,-1.8,-2.2,-38.2,-29.4,-12.1,-33.6,29.4,76.3,127.5,117.8,13.4,-94.2,17.8,-47.2,-9.1,-12.2,19,-8.3,14.5,17.4,-1.9,-9.6]","[-2.1,11.2,-8.1,-3.8,16.5,-4.3,1.9,-15.6,0.7,5.2,-11.9,-14.8,27.8,38.5,-5.5,6.7,19,21.7,-9.8,37.6,45.6,-11.8,3.1,12.5,0.9,29.5,45.6,12.2,-42,-20.5,-46.5,24.5,-17.7,51.3,-351.5,-10.8,10.8,-16.4,-46.9,-12.3,1.9,9.7,8.9,4.8,8.9,-26.8,2.8,279.4,-15.8,-81.3,-24.5,-3.1,-36.7,17.8,-3.9,-94.2,-137.5,-19.8,18.4,28.1,82.7,147.4,111.2,-35.5,66.9,57.1,41,147.6,46.7,-10.8,14.7,4.8,4.9,38.4,51.8]","[14.2,10.8,11.3,9.5,3.3,1.2,12.6,-1,-3.4,13.8,-9.8,-2.2,-2.1,-5.7,-15.9,-19.7,-8.2,-30,-27,-26.8,-29.3,-32.8,-31.7,-28.7,-47.9,-52.6,-29.3,-58.3,-90.2,-223.3,-176.7,-25.1,8.3,33.7,7.9,-8.7,-4.5,1.4,-3.8,-7.1,3,-5.1,-2.3,-2.4,6.8,61,-27.1,65.7,13.9,54.8,38.2,22.4,31.6,13.9,27.7,27.9,10.2,26.5,-72.1,14.5,75,72.7,37.2,-11.3,129.6,0.7,10.3,-0.1,-43.7,20.9,3.2,-19.6,-23.3,-1.4,-23.9]"
"Peaugeot 208","0F0DS352653090270984","Thibaut D","Virage serre a gauche","instantane-5/+5","2026-03-04 10:31:55","2026-03-04 10:32:05",10.12,"[-0.2,1.3,-1.9,1.4,1.8,-0.4,0.8,-1.9,-1.4,4.5,-0.5,0.2,0.1,0.5,-1.4,-1.4,0.5,-2.2,-1.6,-1.5,-2.1,-2.9,-2.2,-1.9,-4.4,-2.2,-5.6,-2.6,-2.3,-2.6,-2.5,-1.5,-0.7,-1.8,-1.7,-8.3,13.1,-3.5,-1.4,1.2,0.5,1.5,0.9,1.6,1.5,-0.9,-1.7,1.4,0,0,0.9,1.6,0.5,4.7,1.1,-0.1,-0.2,0.4,1,0.6,1,1,-0.7,0.7,-2.9,-2.2,-2.3,-2.9,-7.4,-4.5,-4.7,-1.3,-6.5,-3.8]","[0.4,-0.4,-0.6,-1,-0.3,-0.4,-1.3,-1.9,-3,0.4,-0.8,-0.9,-0.6,-0.8,-0.9,-0.5,-0.2,0,0,0,0.6,1,0.6,0,1.2,0.4,2.2,0.7,0.1,0.4,-0.6,0.3,0,-0.3,-2.7,-7.9,-1.2,3.3,0.3,-0.6,0,-2,-2.1,-1.1,-1.3,-3.2,-1.5,-1.2,-1.1,-1,-1.2,-0.7,0.2,-2.9,-1.5,0.3,-1.8,-1.3,-1,-0.6,0.4,0.9,0.9,1,1.4,1.2,1,1.3,5.2,-6.3,-2.5,0.5,-1.1,-0.4]","[1.4,-0.9,3.6,-1.1,1,0.2,1.4,-1.3,-0.6,1.5,-1.2,0.6,0,2.8,-0.8,-0.8,2,0.2,-0.1,0.8,0.9,1.1,2,0.8,0.3,0.1,0.5,1.6,1,0.4,2.6,3,1.1,-3.1,0.8,1.3,-1.5,-1.4,-2.1,-0.4,2.5,-2.3,2.4,-0.8,-0.3,0,1.5,1.1,1.6,-0.4,1.4,0.3,1.5,-0.5,-2.8,3,0,-1,-0.3,0.8,-1.3,-0.4,-0.6,-0.1,-1.6,-0.5,-2,-4.1,-0.2,-2.3,1.5,3.2,1.6,-1.4]","[2.5,-15.7,-26.7,7.6,2.1,-2.4,69.5,-48.5,-28.7,-11.9,-1.7,8.6,-1.4,3.4,-8.9,-9.2,0.8,-3.1,0.1,2.9,9.4,10.6,23.1,-9.4,11.1,11.9,14,25.2,34.2,8.8,21.8,34.6,-16,-30.3,29.7,-4.9,0.5,54.7,27.9,2.9,33.7,-23,30,38.9,85.9,55.7,-17.6,12.5,-23,0.4,9.8,-10.5,18.7,15.1,-108.4,130.8,57.1,43.7,-0.2,8.2,11.5,-16.8,-10.1,-31.2,-81.8,-29.1,-19.6,28.3,94.6,93,-29.6,-39.2,-0.4,-34.1]","[-9.1,-16.9,-45.6,-23.1,16,-2.1,-27.3,73.2,-7,0.2,20.4,3,-5.2,13.8,-3.6,-15.5,11.7,2.3,9.7,3,3.7,9.1,9.7,16.4,6.8,-4.6,19.9,5.3,-8.9,4.8,4.5,19,-15.1,29.6,79.1,-23.9,9.4,112.2,51.7,10.7,-99.7,11.6,38.1,74.6,134.9,8.5,-34.1,-29.9,26.9,-10.8,-13.1,15.7,31.6,45.9,-37.5,-88.4,17.1,-22.8,19.9,-2.2,11.8,26.3,-15.1,-11.6,-66.9,-9.7,-11.9,19.5,-51.6,62.5,-16.2,55.1,13.1,88.2]","[0.6,15.8,37.8,40.9,-11.7,17.6,21.6,65.6,126.6,25,-17.1,-8.1,0.7,6.4,2.9,24.3,3.6,7.3,15.8,17.2,15.4,20.8,29.8,25.4,22.3,13.5,13.1,13.2,47,27.1,51.3,19.9,3.6,-110.8,-69.8,358.3,48.1,121.8,37,-2.9,40.5,-19.2,-36.7,-45.4,-116,-53.3,52.7,5.5,-3.7,-8.1,13.9,-21,-39.3,-191.2,-12.5,-5.9,-1.9,-9.2,-21,4.1,2.9,1.4,27.6,12.6,-5.5,12.7,-2,-19.3,-11.5,42.9,57,-17.9,43.1,-43.1]"
"Peaugeot 208","0F0DS352653090270984","Thibaut D","Conduite non agressive","auto","2026-03-04 10:32:05","2026-03-04 10:32:30",25.06,"[-4.5,-4.9,-5.1,-5.1,-3.9,-0.3,1.9,1.2,0.5,3.9,1,2.8,2,1.8,2.3,1.8,1.6,1,1.3,0.4,0.1,0.4,1.3,0.9,0.8,-0.2,1.2,0.4,0.7,0.6,-0.4,-0.2,-0.4,-0.9,-0.3,-1.4,-1.7,-1.8,-1.9,-1.5,-2.2,-1.4,-2.9,-1.7,-2.3,-3.6,-0.1,-2.9,-3.1,-0.4,-2.5,-1.1,-2,-1.6,0.1,-0.3,0,0.1,-0.1,0.3,1.5,0.3,-0.2,-1.3,1.4,0.4,0.6,2.3,-0.2,0.6,1,1.1,0.3,0.1,0.1,0.6,0.4,0.4,-0.1,1.9,0.5,1,1.1,0,-0.1,0.2,-1.2,0.1,1.2,0.1,-1.6,1.4,-0.3,-0.1,1.3,-1.5,-1.1,-0.5,-1.3,-0.9,0.1,-1,-1.9,0.4,-1.3,0.4,0.1,-1.8,-1.5,-0.9,-2.9,-1.6,-0.7,-1.2,-1.6,-0.2,-1.8,-1.7,-1.7,-1.2,-0.6,-1.4,-1.6,-0.3,-1.6,-0.1,-0.2,1.1,0,-0.1,0.3,0.9,-0.1,1.5,0.3,0.2,2.9,-0.9,0.1,3.5,-2.7,0.6,0.9,-0.9,0.6,-0.1,0,1.1,-0.9,0.8,-0.1,0.1,-0.1,1.2,0,0.9,0.6,0,0.7,1,-0.8,1.9,-0.9,-0.1,-0.3,-1.1,-0.9,-0.7,0.3,-1.1,-1.1,-1.4,-0.9,-1.7,-0.9,-3.4,-2.7,-2.8,-1.3,-1.9,-1.3,-1.1,-0.2,-1.1,-0.9,0.1,-0.4,-2.1]","[-1.5,-2.9,-2.5,-2.3,-1.3,-1.3,0.3,0,-1.2,0.2,-0.5,-0.7,-1.7,-2,-3.1,-2.7,-1.8,-0.5,-0.9,-1.3,-1.7,-2.5,-0.9,-1.4,-2.2,-1.8,-1.6,-1,-1.4,-1.9,-1.5,-1.9,-1.2,-1.4,-1,-0.6,-0.8,-0.5,-0.8,-0.5,0.2,-0.7,-0.3,-0.3,-0.7,0.6,-1.4,-0.5,-0.7,-0.1,0.5,0.4,0,-1.1,-0.4,0,0.5,2.4,-1.8,-2.8,-1.5,-0.7,-0.7,-0.2,-0.4,0.6,0,-1.4,-0.6,-0.5,-1.2,-0.5,-0.5,-0.5,-0.4,-1,-0.4,-1.2,-1.6,-0.6,-0.9,0.8,0.5,-1.7,-0.2,-2,-1.5,0.3,1.7,-0.4,-1.1,-1.2,-0.3,0.6,-0.6,-0.3,-0.3,-0.3,0.2,-1.1,-0.2,-0.1,-0.4,-1.8,1,0.3,-0.1,-0.4,-0.2,-0.5,-1.1,-0.4,-0.2,-0.2,0.3,-0.1,-0.3,-0.2,-0.2,0.2,0,-0.7,-0.1,-0.1,0.4,-0.3,-0.6,-0.2,-0.4,-0.1,-0.2,0,-0.6,-0.8,0.3,-0.1,-0.7,0,-1.3,-0.2,0.2,-0.8,-0.5,0,-0.2,-0.2,-0.4,-0.6,0,-0.7,-0.6,-0.5,-0.5,-0.1,-0.8,0.3,-0.8,-0.5,0.1,-0.7,-0.5,-0.2,-0.3,-0.8,-0.4,2,-2,-3.3,-2.1,-1.1,-0.5,-0.7,-1,-0.8,0.9,-1.3,-1.9,-1.3,-0.9,-0.7,-0.4,-0.7,-0.9,-0.8,-0.4,-1,-0.9,-2.2]","[0.7,2.5,-0.2,3,0.4,-2,0.7,1.7,4.5,1.5,2.2,0.3,1,0.8,2.7,1.2,0.1,-0.3,1.1,1.5,3.2,0.1,1.6,1.9,0.5,1.8,1.1,2.1,1.3,0.3,1.4,0.6,1.3,0.9,1.9,-0.2,-0.2,1.6,1,-0.2,0.6,0,0.1,1.8,-0.4,1.7,-1,-0.8,-0.2,0.6,2,0.8,-0.3,-0.3,-0.4,0.7,1.2,2.3,-1.5,-1.6,2.3,1.1,-0.6,3.1,1.7,1.4,1,-0.1,1.8,0.6,0,1.6,1,0.5,0.3,-0.8,0.8,-0.6,-0.3,1.9,0.5,1.4,1.5,-0.9,-0.6,-0.1,-0.3,0.3,-0.9,0.8,3.2,-2.6,-0.2,2.6,-0.8,0.7,-0.2,0.6,0.6,-1.1,-0.6,1.3,1.4,-2.2,1.8,-0.7,-0.2,-0.4,1.7,1.7,1.5,0.3,1.2,0.5,-0.6,2.1,0,0.4,-0.1,-0.2,1.3,-0.8,-0.1,0.5,-0.1,-0.5,-0.6,0.2,0.4,0.1,0.1,1.1,0.6,-1.4,2.4,0.1,-0.7,1.9,-2.6,2.7,0.4,-0.7,1.4,0.9,0.8,1.1,0.8,0.2,0.1,-0.1,0.5,-0.9,0.9,0.7,-1.4,2.8,0.1,-1,3,-0.2,-0.5,2.4,1.2,-0.9,1.9,3.5,-1,0.6,-0.4,2.3,2.6,1.7,0.2,1.2,1.5,0.5,0.3,1.2,0.3,0.5,1.5,0.4,0.6,0.9,2.9,-0.2,0.2,0.8]","[-40,18.8,-30.4,-4.1,-23.1,-53.4,-65.5,-38.6,8.6,19.7,59.6,3.9,56.9,1.3,18.5,14.4,-41.3,-55.2,-32.8,-10.5,12.7,6.8,-6.3,6,-2.4,29.4,6,-6.6,0.2,-7.8,1.3,9.8,-9,7.1,14,5.1,0.1,6.5,1.4,2.4,7.6,-10.5,6.8,8.8,-4.4,-7.6,15.5,-33.5,19.8,10.3,2.2,-7.3,-35,3.3,6.2,-27.9,-3.7,-4,96.1,-5.1,4.2,-14.1,-12.2,-63.5,-8.4,-35.7,28.9,-21.4,10.8,-10.3,-0.3,10.9,2.7,-14.7,-10.1,-3.4,-4.7,-19.1,18.5,7.5,7.3,8.1,51,-7.3,-32.8,38.4,-12.6,-1.6,-74,2,56.1,-5.8,3.2,12.6,-15.5,-20.5,3.8,-5,6.9,-3.4,3.6,-6.4,51.5,-23,-26.4,-1.8,7.9,7.2,23.8,0.4,1.1,24.1,23.8,5.1,27.5,-0.4,-1.7,12.5,4.3,4.3,11.7,-4,2,2,-4,-0.3,-0.6,3,-1.3,-3.4,0.6,13,5.1,4.2,12.8,-4.6,-11,6.1,-2.4,16.6,-13.3,-7.2,12.1,7.9,-8.9,8.3,-4.4,-6.9,1.7,0.2,-13,6.2,11.4,-11.4,-1.4,15,-19.4,6.9,21.2,-8.7,27.2,21.5,-18,-1,26.9,27.9,15.8,12.2,33.8,32.9,30.5,7.6,8.6,-0.9,17.2,9.2,7.6,-20.7,7.3,-15.8,-10.7,1,2.5,-1.4,-16.7,-37.2,-7.8,-17.5]","[9.2,57.7,35.1,57.7,26.9,78.6,8.9,43,11.3,28.3,-24.1,-47.5,-24.8,44.3,29.3,9.1,-2.5,-24.6,-17.2,20.4,-1.2,-4.2,21.1,-1.2,1.5,2.1,-7.2,0.9,2.4,-0.9,12.8,-5,15,-3.4,-1.4,6.5,15.1,16.2,12.9,7.2,14.8,6.9,18.9,24.2,24.2,19.9,3.4,17.2,6.6,10.5,31.2,18.9,38.7,-4.9,18,35.5,-6.4,-34.1,-25.8,31.6,12,-0.6,-6,-13.3,-4.4,18.2,-4,-10.5,-2.2,-11,5.6,7.4,-6,1.1,4,-9.8,7.8,6,1.3,15.4,-8.7,9.8,0,-21.3,-20.2,6.1,55.9,-17.1,-2.3,-6.9,-20.6,2.7,23.7,-1.5,-33.3,28.4,-10.1,3.5,7.2,-30.7,24.2,23,21,-44.8,24.8,0.4,7.6,22.3,18.8,9.7,29.6,5.9,8.8,14.5,26.6,13.7,14.6,20.7,8.7,7.6,19.1,6,10.4,12.6,7.7,-7.4,7.1,0.5,10.8,0.8,6.6,3.5,3,-0.4,23.4,-13.1,-1,30.3,-37.5,17.6,18.8,-28.7,21.8,6,-7.7,0.4,-0.7,-6.9,15.3,-7.7,2.3,0.1,11.5,-11.5,12.2,0,-22.7,15.2,9.5,-1.7,28.6,10.3,10.2,15.5,-0.9,-52.6,-34.1,43.6,47.4,52.1,15.8,22.6,36.9,25.4,21.1,-9.5,6,14.2,25.9,21.2,31.3,36.1,24.3,19.8,43,99.5,-39.9,29.3]","[-16.6,36.5,2.3,21.1,24.8,-28,44.1,36.4,22.1,-38.3,-7,-12.1,-2.9,4.3,-2.1,27.6,15.1,15.8,-21.5,2.2,12.6,1.4,2.3,2.6,-2.9,-14.7,3.9,-5.1,0.2,-3.8,-17.3,9.8,-5.7,7.6,10.6,9.6,17.1,14.3,20.3,18.2,19.2,31,15.9,25.2,15.5,18.8,31.8,14.8,27.2,20.9,21.9,31.8,14.5,40.1,16.4,2,10.9,-34.4,10.8,4,-10.2,14.7,8.5,-6.7,45.1,-7.5,13.3,-3,-2.9,11.4,-3.5,-3,7.8,-0.2,-1,11.6,-7.3,-5.3,5.8,-9.8,-2.2,-11.5,-25.1,-30.8,-32.4,10.6,49.4,70.8,-16.1,-8.8,35.5,59.8,-9.8,-11.1,60.8,-21.5,22.7,-1.1,3.1,43.1,-10.9,11.2,10.8,84.5,-29.1,12.3,14.5,4.6,9.4,22.2,13.4,21.3,11.4,29.3,5.4,13,30.5,11.3,25.8,25.2,12.2,29.7,18.4,12.1,18.8,26.6,14.5,12.3,0.7,11.9,6,5.5,14.3,9.5,-20.3,14.4,16.5,-31.1,46.6,-27.1,-12.5,41.6,-24.2,1.8,16.8,-3.6,6.8,11.6,-4.9,17.6,4.6,2.3,-2.2,6.6,-3.8,0.9,14.2,-16.4,3.4,-6.7,-7.9,-6.4,-11.1,-10.6,-10.4,-68.5,-17.5,18.1,31,29.4,20.8,18.8,31.5,-2.5,-25.2,6.3,10.1,17.7,33.7,7.8,14,30.6,18.9,18.9,14.5,-10.6,-24,-39.2]"
"Peaugeot 208","0F0DS352653090270984","Thibaut D","Virage serre a droite","instantane-5/+5","2026-03-04 10:32:30","2026-03-04 10:32:40",10.12,"[-3,-2.6,-0.6,-1,-1.4,-1.5,-2.2,-0.7,-1.6,-1.4,-2.1,-2.5,-2.7,-1.2,-2.4,-1.2,-2.2,-0.5,-1,-1.4,0.2,-0.1,0.3,-0.3,0.2,0.6,0.3,0.8,0.6,0.3,1.4,-0.1,1.9,0.9,1.3,0.7,1.8,0.9,1.5,0.7,-0.1,0.6,0.6,1.5,0.7,0.4,0.7,0.2,0.8,1.2,0.5,1.1,0.4,0.7,1.4,1.7,3,3.2,4.5,4.1,2.4,3.5,1.3,2.2,1.4,4,2.4,2.8,3.6,2.3,3.1,4.8,3.8,3.7,2.6]","[-3.1,-3,-1.2,-1.3,-1.1,-1,-1.9,-1.4,-1.4,-0.8,-1.9,-1.9,-2.3,-1.2,-2.1,0,0,-0.5,-1.2,-2.4,-2.1,-1.4,-0.9,-0.1,-1.3,-0.4,-0.1,-0.4,0.1,-0.1,0.3,-0.6,-1,0,-0.5,-0.8,-0.8,-0.7,-0.7,-0.8,-0.7,-0.4,-0.6,0.1,-0.6,-0.5,-0.7,-0.9,-0.2,-0.1,-0.3,-0.3,-0.5,0.2,0.2,-0.2,1.3,1.5,0.7,-1.7,-0.6,2.4,0.3,0.9,2,3.7,2.5,2.6,1.7,2.2,2.7,2.3,2.5,2.5,0.5]","[-0.2,1,1.4,1.2,0,0.5,1.7,1.9,0.2,2.5,1,2,1.1,2.7,0,1.8,2.1,-0.5,2.6,1.3,1,0.5,1,-1.1,1,0.9,0.1,-0.4,0.3,0.5,0.5,1.7,0.6,0.4,0.6,0.4,0.9,1.3,0.7,0.4,0,1.1,1.4,1.5,1,1.4,1.8,0.9,0.4,0,0.9,0.3,0.7,0.4,-0.9,1.6,0.5,2.9,2.4,4,4.8,0.7,2.3,1.9,-0.6,-0.4,2.8,0.5,-0.5,0.6,-0.1,1.7,0.6,2.2,1.6]","[18.5,-29.8,-13.5,-12,-7.2,0,-2.1,8.1,-9.5,-26,-9.8,-18.1,0,-41.3,-9.7,-24.7,-41.5,-26.9,-3,32.2,-40.6,-11,-2.7,-17.9,31,18.8,-8.9,-12.1,-0.6,-6.7,14,20.9,14.4,-8.6,-4,-8,-2,-1.8,4.3,5.6,-0.5,11.5,-3.3,19.7,3.1,13.5,12.4,5,0,16.2,-2.5,2.9,2.7,-25.4,-2.8,0.8,-12.5,-19.5,-12.3,13.3,5.3,20.9,67.8,17.7,-9.4,-29.5,41.2,22.4,33,6.4,16.8,34.3,36.5,45,51.6]","[-7.2,-5.2,27.5,-16.3,2.2,10.6,10,24.1,28.6,14.9,2.8,8.4,31.5,37.2,24.1,-9.8,27.8,-40.5,-8.1,-1.4,85.6,16.2,50.9,21.3,21,3.3,6,11.7,-5.5,11,5.9,14,-3.6,-9.4,-19.1,-10.3,-3.8,-6.2,-0.8,-2.2,-17,15.3,-4.4,17.6,-5.7,7.2,-9.2,-7.5,-0.2,-2.8,-7.7,2.5,2.2,2.5,10.1,24.2,5.3,13.3,-53.9,14.9,44.8,-14.7,41.5,-19.8,-9.7,-10.1,-47.8,-33.9,-24.5,-47.3,-24.7,-15.6,-25.5,-41.9,23]","[2.4,36.7,39.8,27.3,17.3,17.2,34.6,25.6,31.2,3.8,6.9,42.2,47,22.7,48.1,6.2,4.7,-24.6,2.4,44.4,28.6,27.2,6.5,-12.6,20.2,6,-7,3.9,22.7,9.5,7.4,-4.7,15.5,16.1,-10.4,3.4,-14.5,-1.8,-13.4,-12.1,-0.7,8.1,6.6,14.2,-9.7,16.6,-9.5,-1.4,1.8,1,-4.3,-3.1,4.3,2.6,-23.7,-24.7,-34.3,-35.3,-30.6,-30.6,8.1,6.2,1.8,-32.6,-25.5,-65.7,-13,-28.6,-42.2,-20.3,-12.2,-26,-10.1,-5.6,-16.4]"
"Peaugeot 208","0F0DS352653090270984","Thibaut D","Conduite non agressive","auto","2026-03-04 10:32:40","2026-03-04 10:32:53",12.63,"[6.1,6.6,4.1,4.4,5.5,4.7,2.8,2.8,3,2.4,3.2,2.9,1.7,1.9,1.3,1.9,1.3,0.9,-1.4,-2.4,1.8,-1,1,-0.6,-0.7,-0.5,-0.3,-0.5,-0.2,-0.9,-0.2,-0.3,0.6,2.2,-2,0.7,-0.5,-1,-0.2,-0.8,-0.1,-0.4,-0.5,0.7,-1.4,0.1,-0.5,0.5,-0.8,0,-0.4,-0.7,0.4,-0.2,0.8,-0.7,1,-0.3,0.7,2.7,3.9,2.7,2.8,3.5,1.9,2.7,2.9,0.3,4,2.2,2.4,1.9,4,2.3,1.6,2.6,0.5,1.4,-0.1,0.6,0.8,0.7,0.5,1.1,0.5,3.5,1.7,-1.4,-1.1,-0.9,1.6,-3.5,-1.7,-1.3,-0.4]","[1.1,0.6,0.2,0.6,0.7,-0.1,0.1,-1.9,-0.6,-0.7,-2.4,0.2,-1,-2.3,-0.6,-1.5,-1.5,-0.4,-1.3,-2.3,0.4,0.9,0.3,-2.1,-3.2,-1.9,-1.5,-2.1,-2.8,-1.7,2.9,-2,-0.6,-0.8,-1.1,-1.1,-0.9,-1.1,-1.1,-0.8,-0.8,-1,-0.5,-0.9,-1.3,-1.1,-0.8,-1,-0.2,-0.4,-1.1,-1.1,-0.6,-0.5,-1.3,-0.1,-0.7,-0.7,-0.2,-0.3,1.5,-0.7,-0.4,0.1,-0.3,-0.3,-0.9,0.4,-0.4,0.3,1.3,0.2,-0.1,-0.2,-0.4,-1.3,-2,0,-0.3,-0.2,0.3,-0.2,-0.5,-1.4,-0.4,5.7,-2.6,-2.4,-0.9,-0.6,-0.3,-3.1,-1,0.1,-1.5]","[3.6,4.6,3.2,2,0.7,3.6,3.5,0.8,2.2,2.7,1.2,3.4,1.3,-1.6,0.9,1.1,0.1,0.4,1.4,-0.6,-0.6,3.9,1.4,0.3,0.4,0.8,1.1,0.5,0.3,1.8,5.4,-0.7,2.3,0.4,1.7,-0.2,0.5,0.5,0.7,1.1,-0.1,-0.5,0.7,0,-0.1,1.4,0.8,-0.7,0.1,1.1,0.2,1.8,-0.1,1.2,0.7,0.9,-0.4,0.7,-0.7,-0.1,1.2,2.9,3.1,1.6,-0.3,0.4,-0.8,1.3,1.2,0.8,0.9,0.4,0.7,2.1,2,1.5,0.3,3,-0.3,1.7,-0.9,3.7,-0.2,-1,-0.4,11.1,-3.3,0.4,0.6,9,-1.4,1.4,-0.3,-0.6,1.3]","[35.7,16.2,23.7,-6.3,-12.1,-15.9,-4.2,-18.7,-15.3,15.3,13.2,2.3,12.9,-4.6,-9.7,-0.1,18,-15.3,8.7,44.6,-57.2,30,30.8,30,-27.7,-21.7,-6.4,-21.1,4,-9.3,-6.7,-49.6,13.6,23.7,-13.6,-14.3,8.5,-20.5,-3.1,-4.5,-4.1,-4.8,-5.2,-11.9,-4,9.2,-7.9,-0.7,3.6,5.5,3.7,11.6,-0.8,14.9,18.1,-5.2,8.1,-6.7,1.7,15.7,-21.4,-8.6,73,60.4,39.3,9.5,23.4,-30.6,5.4,24.3,9.9,-6.2,26.4,0.1,22.9,21.1,23.8,16.4,-14.7,-18.2,-54.4,10.7,1.9,39.5,-53.6,-65.5,16.6,104.5,31.3,-97.3,54,-8,18.2,7.7,10.1]","[-68.5,-61.4,-68.2,-15.1,-11.3,-5.4,-15.5,-20,-60.5,27.6,-43.4,-15.1,-30,3.2,-22.9,19.1,4.3,-5.1,-51.3,-51.3,5.3,-16.5,27.7,-43.1,-37.7,-17.1,-6.9,3,13.4,-18,-20.1,86.9,-20.7,36.2,-17.7,-6.7,-6.5,-40.4,-4.7,-0.3,10.4,-3.6,12,-17.7,-4.7,7.2,7.3,-6.9,2.3,-1.1,-1.7,25.2,-17.8,39.6,2.1,-3.7,-6.1,-13.9,10.5,4.8,-0.9,9.4,13.8,14.5,-61.5,-75.5,4.4,8.2,-0.1,-38,-45,-32,-7.4,-30.3,-17.2,-2.1,6,-55.6,-21.1,20.2,-38.9,-0.2,-46,13.7,-2.9,0.2,7.3,-60.2,42.8,-73.7,-47.2,-32,-51.7,25.6,-16.7]","[-61.1,-61.4,-15.8,-17.8,-38,-25.2,23,27.4,23.9,-49.2,-16,-33.5,-5.8,-11,15.7,32.4,-1.5,-41,21.8,21.3,-30.9,-11.2,-68.4,-67.6,-40.3,-3.3,-2.2,14.1,23.9,66.1,1.9,46.6,9,-6.8,12.8,6.2,0,9.6,-3.4,3.1,1.2,0.7,-4.2,5.8,9.7,-7.8,2.6,1.6,3.6,-0.8,4.3,-8.3,-0.6,-12.6,-18.6,7.9,-5.6,-8.7,-11.9,-5.3,-42.8,-55.3,-1.1,-49.4,-41.9,-39.8,-59.1,-13.9,-24.1,-10.2,-8.4,-9.9,-17.8,-43.1,-34,-29.6,-23.5,24.6,7.5,12.1,-27.1,-12,2.9,-12.2,-50.7,-58.4,37.1,42.2,-30.9,35.7,17.9,-12.1,20.3,20.2,30.1]"
"Peaugeot 208","0F0DS352653090270984","Thibaut D","Virage serre a droite","instantane-5/+5","2026-03-04 10:32:53","2026-03-04 10:33:03",10.12,"[-0.3,-0.2,1.1,-0.3,0.6,0.8,0.7,2.5,1.7,1.7,3.5,2.5,2.5,2.5,2.6,3.8,2.7,2.4,1.9,1.6,2,2.7,2.6,1.7,-0.2,0,0.9,-0.3,1.3,1.4,-0.9,1.2,0.9,-0.1,-0.7,0.9,0.1,-1.1,-0.2,0.7,0.5,-0.8,-0.2,0.7,1.2,0.8,0.4,-0.2,1.8,1.1,1.5,1.2,-1.1,0,-0.7,0.3,0.6,-1.9,0.5,1.4,3,3.2,1.5,2,1.7,2.4,3.4,7.4,4.7,5.8,7.6,5.8,5.5,5.5,3.2]","[-0.9,-0.8,-0.2,-0.6,-0.7,-0.1,-0.6,0.1,-0.1,0,0.6,-0.1,-0.7,0,-0.4,0.9,0.6,-0.8,-0.8,0.1,-0.1,0.6,1.5,0.4,-1.8,0,0.7,-0.6,-0.2,-0.6,-2.1,-0.3,0.4,-2.4,-0.4,1.2,0.2,-0.7,-0.9,-0.3,-0.9,-1,-0.5,-0.5,0.2,-1.1,-0.5,-0.4,-0.7,-0.8,0,-1.2,-0.8,0.4,-0.1,0.4,0.3,0.7,1.7,1.3,1.5,2,0.8,1.4,2.5,2,3.2,2.5,2.4,2.1,0.9,1.6,2.2,1.5,0.2]","[-0.6,0.6,1,0.7,0.5,0.3,0.5,0.3,2.3,1.2,1.9,1,0.3,1.3,1.2,2.5,1.9,-0.7,1.1,-0.7,-1.2,1.6,0.1,-0.2,-1.2,0.8,0.5,-0.9,0.8,1,0,-0.6,3.1,-0.1,0.7,-1.2,0.8,-0.3,0.2,2,0.5,-0.6,0.5,0.9,1.5,1.7,-0.4,0.9,1.4,0.3,2.1,-0.5,0.9,0.9,-0.6,-1,-2.4,1.1,-0.9,0.2,-0.5,-0.7,-0.9,-0.4,-0.6,0.2,3.4,4.5,1.2,3.9,3.5,3.7,2.7,4.5,-0.6]","[12.8,5,-18.2,-13,-6.7,5,8.3,8.1,-19.4,15.9,4.5,15,5,11.6,13.4,28.8,79,55.3,4.6,6.7,-41.6,12.3,13.9,27.9,6.9,-8.8,4.8,-8.1,17.6,7.6,-43.3,-11.8,-4.4,6.5,33.6,-22.6,-5.8,-9.9,31.7,22.1,15.3,6.2,2.5,7.8,7.6,35.6,-5.9,4.1,-10,7.4,12.5,-0.2,-7.3,-15.9,-25.2,-24.5,-40.9,-54.5,-22.7,-13.7,28.7,6.2,-3.5,-1.7,-2.7,6.6,-20.8,14.8,71.2,65.3,39.7,44.8,26.7,38.6,12.7]","[-10.5,-8.7,24.7,14.6,3.6,22.3,16.4,-1.9,33.5,-11.5,5,-24.2,-9.5,-1.9,-22.9,-4.4,-34.6,-70.4,-98.2,-46.3,0.1,9.9,7.2,-11.6,25.6,-24.2,3.2,-8.4,4.5,-20.2,-11.5,-19.5,-14.3,5.2,27.5,-13.5,7.2,-31.1,-0.6,-12.5,-21,-20.7,4.1,2.4,-13.6,-18.9,-10.2,-19.5,3.8,16.1,-3.6,46.3,9.1,29.2,9.6,16.1,9.6,-12,60.8,20.2,6.2,7.3,5.6,25.3,23.1,-29.8,35.3,-44.7,-26.5,-67.8,-46.5,8.9,-13.5,21.3,48.4]","[7,0.8,-20.6,-14.4,3.9,-7.2,-5.4,8.3,-44.1,-16,-15.5,-22,-20.3,-31.8,-24.8,-46.7,-28.8,-72.4,-67.6,-30.8,-30.1,38.1,-5.2,-19.9,-1,19.1,-9.3,-5.4,16.9,10.3,8.2,15.2,-18.8,-22.2,15.2,-29.9,-33.6,-25.1,-9.7,-14.5,-40,-11,-19.2,-6.2,-35.4,-15.5,-6.3,-2.5,-0.9,6.9,14.4,-8.5,30.7,19.8,-10,25.3,-23.5,12,-4.7,4.1,-4.3,-28.3,-34.6,-46.8,-22,-36.3,-40.4,-71.7,-24.8,-46.2,-55.4,-15.5,-8.9,-15.5,23.2]"
"Peaugeot 208","0F0DS352653090270984","Thibaut D","Conduite non agressive","auto","2026-03-04 10:33:03","2026-03-04 10:34:30",87.11,"[4.3,4.3,3.5,4.5,-1.1,-1.7,-0.9,-1.9,-2.6,-1.1,0.8,-0.8,1.9,-2,-1.7,-0.3,1.2,-1.4,-0.2,-1,3.9,0.6,-0.1,0,0.9,-0.4,-1.5,-0.8,1.1,-0.4,0.7,0.7,0.4,0.2,0.2,0.4,-2.6,1.8,-0.9,2.2,-2.5,-0.3,0.4,-0.7,1,-0.6,1.4,-0.2,0.4,0.2,-1,-1,0,0.2,-0.2,0,-0.3,0.4,-0.6,0,0.4,0.6,-0.1,-0.1,1,1.2,-0.1,1.4,0.4,2.7,2.9,0.7,-0.5,-3.4,1.7,3.3,3.2,2.4,2,-0.3,-0.1,-1.4,-0.1,-0.4,-0.9,-1,-0.2,-0.7,1,0.2,-1.4,-2.6,-1.4,0.1,0.1,0.5,0,-0.3,-0.2,-0.2,-0.2,-0.8,-0.7,-1.4,1.7,-1.4,1.6,0.1,-1,1.3,-0.2,1,-0.9,-0.2,-0.1,0,-0.2,-0.3,0,0,0.1,-0.3,1,-0.6,1.2,-0.1,0.4,0.9,0.6,0.2,0.4,0.1,0,-0.6,0.5,0,-1.1,1.8,-0.8,1.6,-1,0.9,-0.3,0.2,-0.4,-0.1,-1,-0.8,1,-0.2,0.2,0.3,-0.4,0.9,2,-1.2,1.4,-0.3,-1,1.6,-0.9,0.3,0.3,-0.7,0.7,-0.3,0.4,-0.1,1.3,-1.4,1.2,-0.4,0.1,-0.9,1.4,-1.7,1.9,-0.4,1.1,0,1.2,-0.2,2,-1.3,2.4,-1.2,1.2,-0.7,0.8,-0.2,-0.8,0.9,0.2,0.7,-0.9,1.1,-0.4,-0.9,1.7,-0.8,0.1,2.8,-1.4,0.8,-1.7,3.1,1.2,1.1,1.7,0.9,0.5,1.6,1,1.3,1.3,1.3,0.2,0.1,-0.9,0,-1.6,-0.7,-0.9,0,-0.7,-3.4,-1.1,-0.5,-2,-1.7,-2,-1.8,-0.8,-2.8,0.7,-0.4,0,-0.3,-0.2,0.1,0.3,-0.5,0.2,0.3,-0.3,0,0.6,-0.4,0.4,-0.3,-0.3,0.4,-0.1,0.9,-2.1,-0.1,-0.9,-1.2,0,-0.1,-0.6,-0.4,-0.3,-0.5,-0.2,-0.2,-0.2,-0.2,-0.1,0,-0.1,-0.4,-0.6,-0.1,-0.1,0.3,0.3,0.7,0.3,0.2,-0.1,1,0.2,-0.8,0.1,0.2,0.1,0.3,-0.9,0.5,0.3,0.9,0.4,-0.4,-0.1,-0.5,-0.2,-1,-0.2,-0.4,0.4,-0.4,-0.8,-0.3,-0.6,0.3,0.1,0.2,-0.2,0.5,-0.5,0.2,0.4,0.7,0.2,-0.7,0.1,-0.1,-0.6,0.6,0.7,-0.3,0.2,0.3,0.3,-0.1,0.2,0,-0.8,-0.4,-0.1,-0.2,0.1,-0.2,0.2,-0.3,0.1,-0.3,0,-0.2,-0.4,0.1,-0.5,-0.4,-0.3,0.2,0.2,-0.2,-0.4,-0.3,-0.1,0,-0.8,1.3,0.9,0.5,1,1.3,0.2,0.8,0.1,0.7,0,0.4,0.2,0.9,0.9,1.6,0.2,1,-1.3,0.3,1.1,0.2,0.8,0.8,-0.2,-0.6,1.1,0.7,-0.2,0.2,0.8,0.3,-1.9,0.3,-0.2,0.1,0.9,-0.3,0.1,0,-0.2,-0.1,0.5,-0.1,-0.5,0.4,0.2,-0.3,-0.3,0.5,0.5,0.2,-0.5,1.5,0.1,-0.6,0.2,-0.4,-0.3,-0.5,0.1,-0.9,-0.1,0,-0.6,0.1,-0.7,-0.6,-1.4,-1.4,-0.2,-0.4,-3.2,-0.8,-2.6,-1.2,-2.3,-1.2,-2.9,-1,-2.5,-2.3,-3.1,-0.7,2.9,-0.4,0.2,-0.8,-0.1,-1.3,-1.1,-0.9,-1.3,-0.5,0.4,-1.7,0.2,-0.4,-3.2,0.9,2.1,-1.9,0.5,0,1.1,1.8,-1.9,0.2,-0.8,4.2,-0.7,2,1.9,-0.2,0,0.6,1.5,-1.3,-0.3,0.7,0.2,0.1,-1.6,0.9,2,-0.7,0.6,2.1,-0.3,0.1,-1.8,1.6,0.9,1.8,1.8,1.3,0.1,0.5,-2.5,-2.3,-0.2,-0.6,-0.7,-2.1,-3.5,0.7,0.9,0.3,1.5,-0.5,0.2,-0.9,0.3,-1.2,1.6,-0.1,0.5,0.8,-0.2,-0.3,0.1,0.1,0,-0.2,-0.4,0.6,-1.1,1.3,-1.4,0.9,0.2,2,0,-0.4,-0.1,0.3,0.2,0,0.2,0.7,-0.6,0.8,-1.6,-3,1,2,1.3,-3.5,2.2,1.4,0.1,1,0.1,-0.1,-0.1,-0.2,-0.4,-0.5,-4.9,-0.4,-0.7,1,-0.3,0.9,-2.4,0.2,-1.2,-0.3,0.5,-0.7,-0.5,-0.4,0.8,-0.7,-0.7,-1.4,3.3,1.6,-0.3,-0.5,-1.1,0.6,1.1,1.3,0.7,1.7,-0.6,1.4,2.5,0.4,0.5,1.7,1.1,1.5,0.8,-1.2,1.7,1,-0.2,-0.5,3.6,0.7,0.4,0.7,1.9,1.2,1.3,1.8,0.7,1.3,1.4,-0.7,3.1,1.9,1.5,-0.3,0.9,1.9,-0.2,-0.1,1.9,0.1,2.2,0.2,1.9,2,0.8,2.3,3.1,-0.1,1.8,2,0.1,-1.2,1.2,3.7,-0.8,-0.4,0.1,0.4,-0.2,-0.8,-0.5,0.6,-0.2,-1.6,-0.4,0.3,-0.2,-2.7,-0.5,-1.1,-3.7,-3.2,-1.8,1.2,-1.5,2.8,0.2,1.2,0.5]","[-0.7,-2.5,-2.8,2.4,-4.2,-1.7,-2.4,-2.5,-2.5,-1.1,-1.7,-1.1,0.5,-1.1,-1.2,-1,-2.1,-0.7,-2,-2.4,2.6,-1.6,-2,-1.5,-1.6,-1.8,-1,-1.1,-0.9,-1.5,-1.8,-2,-2.5,-1.7,0.1,-1.5,-2.3,-1.8,-0.7,-0.7,-1,-0.1,-0.2,0,-0.6,-0.6,-2.2,-1.3,-1.5,-0.4,0.3,0.1,0.2,0.2,0.3,-0.1,0.2,0.3,0.5,0.2,0.8,1.2,1,1,1.1,1.2,1.3,0.9,2.1,1.1,0.2,1,-0.5,-1.7,-1,-1.3,-1.4,-1.2,-0.9,-3,-1.7,-1,-1.8,-1.4,-0.9,-0.5,0,0.2,-3,0.9,1.5,0.1,0.6,-0.7,0.6,0,0.2,0.3,0.5,0.4,0.3,0.4,0.5,0.5,0.5,-2.1,-1.3,-0.9,-1.1,-1.1,-1.6,0,-0.1,0.3,0.4,-0.1,0,-0.1,0.1,-0.2,0,0.2,-0.1,-0.4,-0.5,-0.8,-1.1,-1.6,-0.4,-1,-0.9,-0.1,-0.6,0.1,0.2,-0.3,-0.2,-1.8,-0.4,-1,-0.7,-0.5,-0.4,-0.4,-0.5,-0.2,-0.5,-0.3,-0.1,-0.1,-0.2,-0.5,-0.2,-0.5,-0.4,-0.5,0.3,-1.9,1.4,-0.4,-0.5,0.1,-0.7,-0.4,-0.7,-0.3,-0.4,-0.1,0,-0.9,0.3,-0.7,-1.1,0.3,-0.7,0.7,-0.3,-1,-0.8,-0.8,-1.2,-0.8,-1.4,-0.9,-0.7,-1.1,-0.6,-0.4,-0.6,-0.5,-1.6,-0.8,-0.7,-0.8,-0.7,0.1,0.5,0.4,0.4,-0.8,1.1,0.4,-0.6,0.9,0.2,-0.1,-1.1,-0.7,-0.9,-0.8,-1,-1,-1.3,-0.8,-0.7,-1.1,-1.3,-0.5,0.8,0.3,0.3,0.5,0.3,0.6,0.3,0.2,0.5,0,0.3,-0.5,-0.6,-0.6,-1,-0.3,0.4,-0.5,-0.6,-0.6,-0.7,-0.5,-0.1,0.3,0.2,-0.3,-0.4,-0.4,-0.6,0.2,-0.1,1,0.6,-0.4,-0.5,-0.4,0.4,1.1,1.6,0.8,1.7,0.6,1.1,0.6,0.3,1,-0.2,0.3,0.2,0.2,0.1,0.2,-0.1,0.3,0,0.1,0.2,0,-0.1,0.2,0,0.2,0.6,-0.1,0.3,0.2,0.2,0.4,-0.2,0.1,0.4,0.4,0.1,0.6,0.1,0.1,0,-0.2,-0.1,0,0.7,0.7,0.6,0.7,0.4,1.1,0.5,0.4,0.2,0.7,0.9,0.2,0.8,0.8,0.9,1.3,-0.1,0.8,0.6,0.7,1.5,2.5,1.6,2,-0.3,-1.8,0.2,0.6,0.7,-0.1,0.3,0,0.6,-0.1,0.1,0.1,-0.2,0.1,-0.5,-0.2,0.1,0.3,0.5,0.3,0.2,0.3,0.2,0,-0.1,0.2,0.1,0.2,-0.1,0,-0.3,-1.1,-2.4,-2.5,-1.1,-1,-0.5,-1.3,-0.4,-0.7,-0.6,-0.1,-0.8,-0.4,-0.6,-1.2,-1.3,-0.1,0.7,0.1,-0.5,-0.2,-0.2,-0.3,0.1,0.3,-0.1,0.2,0.2,-0.1,0.7,-0.6,0,-0.3,-0.4,-0.5,-0.4,-0.4,-0.2,-0.3,-0.2,-0.1,0,0.7,0.5,0.5,0.1,0.4,0.7,0.7,-0.2,0.6,0.6,-0.1,0.2,0.7,1,1.1,0.7,0.5,0.3,0.2,0.2,0,-0.3,0.1,0.7,0.4,0.3,0,0.4,0,-1.5,0,-0.2,0.2,-0.7,-0.8,0.1,0,-0.6,0,-2.1,-2.6,-2.9,2.4,-0.3,1.6,0,1.3,0.9,0.8,0.8,-1.2,-1.2,-0.9,-1.7,-0.9,-1.2,-0.6,-2.5,-1.6,1.9,-2.1,-1.1,3.2,-0.2,1.1,0.4,1.3,-1.9,-0.8,-0.7,-0.9,-0.6,0.2,-0.9,-5,1.1,3.1,-0.7,-4.1,-1.5,2.3,1.8,0.1,1.3,-1.3,-2.8,0,3.5,0.6,2.7,-1.1,2.8,0.9,2.7,-2.2,2.9,2.2,0.6,0.1,0.7,1.5,1.7,-0.4,-2.4,-1.5,0.4,-0.4,-0.1,-0.6,-1.6,0.2,-1.5,-1.2,0.7,-0.3,-0.6,-0.2,-0.5,-0.4,0.1,-0.3,-1,-0.4,-0.8,-1.1,-1.8,2.1,0.2,-3.8,-1.5,-1,0.8,-1.1,0.5,0.6,-0.6,-0.2,0.3,0.5,-1.3,0.3,0.2,0.7,-0.5,1.3,1.1,0,1.6,0.5,0.7,1.6,2.6,1.2,-0.2,-1.2,-0.2,-1.6,-2,0.1,-1,0.3,0.9,-1.1,-1.4,-0.7,-1.7,-1,-0.7,-0.7,-0.6,-0.5,-1.1,-1.1,-3,-1.6,-2.6,-1.6,0,-1.9,-0.9,0.9,-0.8,-0.1,0,-0.5,0,-0.1,0.1,-0.1,-0.4,0.7,0.6,0.6,0.6,0.5,-0.7,0.5,1.8,0.9,0.2,-0.1,2.1,-0.7,0,0.1,-0.5,-0.2,-0.2,-0.3,-0.6,0.1,-1.5,-0.5,-0.2,-1.7,-1.2,0.8,-1.6,-2,0.4,-0.6,-1.2,-0.1,-0.2,-1.3,0.9,0.3,-1.7,-1,0.7,-1.2,-1.3,2.2,-1,-0.6,-0.5,-0.5,-0.7,-1,-1.1,-0.2,-1.2,-1,-1,-0.2,-2.1,-1.3,0.7,-3.7,-3.5,-2.3,-1.6,-1,-0.5,-2.4,-2.3,-0.4,-1.2]","[2.1,4.7,4.4,9.3,-2.2,4.6,2.4,2.6,-0.3,2.5,0.8,1.9,2.2,-0.2,-1.6,0.7,-0.8,-0.3,1.6,-3.8,3.3,-0.7,-0.4,0.7,-0.2,-0.7,-0.2,0.8,0.6,1.7,0.8,0.2,1.1,-0.5,-0.4,-0.7,1.1,0.8,4,1.4,-2.6,-0.7,0.1,1.2,0.4,1.6,0.3,-0.3,1.6,-0.3,-0.6,0.2,-0.1,0.6,-0.4,0.2,-0.3,0,-0.8,0.1,-0.1,0.1,0.3,0.1,-0.6,0.7,0.9,-1.5,0,-0.8,0.2,-1.3,-3.7,-5.7,-0.3,-0.8,0.3,0.8,-1.5,0.6,0.2,-0.2,-0.5,-0.8,0.8,-0.1,-0.4,0.2,1.7,-1.7,0,-0.5,-0.5,0.2,-0.4,-0.1,0.7,0,0.1,0.1,-0.2,-1.6,-0.5,0.3,0.6,1.2,0,-0.5,-0.3,0.6,0.3,0.3,0,-0.3,0.3,-0.3,-0.1,0,0.5,-0.6,0,1,-0.4,0.9,0.3,-0.1,0.3,0.4,0.7,0.5,0.7,0.9,-0.3,0.5,0.7,-0.5,1.1,-0.2,-0.8,0,-0.9,0.5,-0.3,-0.3,1.3,-0.8,-0.9,0.5,-1.5,-0.4,0.8,0.3,0.4,0.4,2.8,-3.3,0.9,-1.8,-2.2,0.2,-1.2,0.3,-0.1,0.3,-1.5,1.1,-0.4,0.4,-0.1,0.1,-1.7,2.6,-1.1,2.2,-1.4,0.7,0.7,-0.2,-0.6,0.2,-0.5,0.8,0.3,0.9,0.6,0.8,0.5,0.7,1.4,-1.2,0.1,0.9,0.2,0.7,-0.6,-0.7,-0.6,1.4,3.8,-1.3,-1.4,1.3,-2.2,-2.6,1.1,0.5,0,0,-0.1,0.2,-0.3,0.8,0.4,0.3,0.6,0.6,0.2,0.3,0.4,0.9,-0.4,-0.3,-0.6,-1.2,0.2,0.3,-0.4,-0.1,0.7,1.5,-0.6,0.6,0.7,0.1,-0.4,-0.3,0.4,0.3,0.1,-0.1,0.3,-0.6,0.1,0,0.2,0,0.5,0.2,-0.1,-0.5,-0.3,-0.2,0.1,0.2,-0.7,-1.4,-0.9,0.7,-1.2,-0.9,-0.4,-0.4,0,-0.1,-0.6,0.6,0.3,0.1,0.1,0.2,-0.1,0,0.3,0.1,0.1,0.5,-0.3,0.7,0.3,0,-0.4,0.2,0.6,0.1,0.3,-0.4,-0.2,0.3,0.5,-0.2,0.3,-0.9,0,0.3,-0.3,-0.2,0,0.3,-1,0,0.2,-0.1,-0.2,-0.2,-0.3,0,0,-0.6,0.6,0,-0.5,-0.2,-0.1,0.7,0.1,-0.5,0.1,-0.2,-0.6,-0.4,-0.8,-0.3,0.2,0.4,-0.1,0,0.4,0.1,0.3,-0.3,0,0.5,-0.2,0,0.1,0.2,0,-0.2,0,-0.2,-0.2,0.1,0.1,0.1,-0.1,0.3,0,-0.4,0.4,-0.1,0,0.2,-0.2,1.5,0.6,0.8,0.2,0.5,1.1,0.5,-0.3,0.3,0.3,0,0.6,-0.2,0.8,0,0.4,0,-0.4,0.6,0,0.2,-0.4,0.8,0.5,0.3,0.2,0.2,-0.2,0,0.5,0.1,-1.6,0,0,0.1,0.2,0.2,0.3,-0.2,-0.1,0.2,0.2,-0.4,-0.4,0.2,0.1,0.2,0.5,0,0.4,0.2,0.1,0.1,-0.3,0,-0.3,-0.1,-0.3,-0.2,-0.2,-0.4,0,0.3,0.5,0,-0.5,0,-0.3,0.4,-0.1,-1.1,1,-0.4,-0.1,-0.7,-0.2,-0.5,0.7,-1.7,-0.7,-0.4,0.7,2.5,-0.1,1.4,0,-1.2,1.4,-0.3,0,-0.4,-0.6,0.8,-0.4,0.5,0.7,0.3,0.3,-0.5,2.5,-0.7,-0.2,2.6,1.6,0.1,-0.1,0.1,-0.2,0.9,-1.9,3.7,3.2,0.2,-1.6,3.1,-1,1.8,-1.2,0.4,1.9,-4.6,0.7,-0.1,-3,1.7,-2.9,1,-0.6,-0.4,-2.1,-1.9,-3.6,0.3,1.3,0.5,-0.7,0.9,-0.7,1.4,1.3,0.7,1,1.9,0.2,-4,-2.2,1.2,-0.8,-1.5,-0.1,0.3,2.4,-2.3,3.4,-0.6,1,2.3,-1.5,0.3,-0.7,0.4,-1.8,1.7,-0.4,2.6,-2.3,-1.2,-0.7,3.4,1.4,-0.2,-2.5,-3.9,3.7,0.6,0.4,0.6,-0.9,-0.6,0.3,0.3,-1.8,-3.8,-3.4,-2.3,-1.9,-6.8,-4.6,-0.7,0,-0.3,-0.6,0.7,0.3,0.3,-0.6,-0.5,1.1,-3.5,-0.3,-1.5,2,2.8,0.7,1.5,1.6,1,0.7,0.4,2.2,1.3,0.6,0.7,1.7,0.7,-3.3,-2.6,1.5,-1.5,2.3,4,-1.1,1,-2.2,3.8,2.8,2.8,3.6,0.1,1.3,1,-0.1,1.8,0.2,-1.2,0.6,1.3,0.7,2.4,-1.9,0.7,1.8,-1.8,0.7,-0.6,0.7,-0.4,-1.8,0.3,0.6,0.6,1,2.2,-3.2,2.2,3,-1.3,-0.1,3.6,-1.2,1.1,3,-0.7,-0.8,1.6,-1.6,-0.1,2.7,0.2,-2.3,2,-1.3,0.4,1.1,-0.2,-0.8,0.5,0.6,-0.2,0.6,-0.1,0.7,0.8,0.3,-0.3,1.1,3.7,-3.3,1.6,0.1,-3.3,-1.5,6.7,-4.7,4.1,2.6,2.5,-1.6,-0.5,1.3]","[25.1,-8.5,62,25.7,-4,32.9,-17.6,-9.8,-48.3,10.6,66.8,-19.6,-17.3,-21.1,-83.3,-2,10.6,14.1,48.9,-12.7,27,-129.9,-5.6,14.9,-1.2,4.5,4.3,4.6,2.9,8.9,-5.2,-8,6.4,-8.5,1.2,12.5,-1.6,-2.7,11.8,15.2,-9.4,-8.8,-2.3,3.6,4,2.2,-0.5,-4.2,1.2,3.8,2.9,-0.9,4.3,-0.2,2.7,-1.8,-1.6,3.2,-0.3,2.2,3.5,7.4,1,3.2,-3.9,-2.2,3.9,-3.1,-1,-17.9,-34.4,-48.7,-135.8,26.3,14.6,3.4,5,4.8,-28.2,20,5.5,-10.7,-5,-26,-2.9,-6.4,-19.2,-6,194.6,77.4,28.8,18.3,-3.3,-17.4,-45.2,-1.5,-1.4,3.2,3.9,2.1,-0.5,-5.2,0.2,1.8,-9.1,-1.1,3.2,4.5,-1.9,-1.3,2.8,0.1,1.1,0.5,-3.8,-1.3,-2,0.8,0.1,-1.2,-0.6,5.3,-0.4,2.5,0,-3.2,2.1,-2.3,-8,2.2,1.5,3.4,2.6,0.9,-5,5.5,-1.8,4.1,-3.2,4.3,-1.8,1,-0.8,-3.5,2.7,-3.2,7.2,5.6,-16.6,-4.7,2.1,-1.5,3.9,-0.7,17.9,-0.8,2.1,2.2,-8.3,-1.6,-1.1,-3.4,0.3,12.9,0.2,12.7,4.4,10.5,11.5,10.5,-10.8,12.3,-14.1,3.1,-2.5,-6.2,-0.2,0.5,-3.6,0.6,-7.1,0.3,-3.9,7.3,-2.7,1.2,5.5,2.8,6.2,-14.5,2.7,6.9,-4,-6.3,-0.4,-3.4,-2.3,2,11.4,4.3,-15.1,15.5,-4.6,9,6.5,-6.1,-1.8,-0.1,0.8,2.7,-3.6,2.7,-0.5,0.3,-0.6,2.4,3,5.1,9.8,2.6,3.9,4.1,0.8,-1.9,1.9,-5.7,1.3,1,0.7,11.8,2.7,-0.3,-2.5,5.9,-14.9,-4.8,0.3,-0.7,-3,-4.6,4.2,-0.4,-3.8,-0.4,-0.1,-1.5,-0.6,2.1,0.9,-0.7,-3.9,-4.2,-3.1,-9,3.2,-3.2,-6.3,7.2,-6.1,-5.4,-1.6,-1.5,-0.6,7.7,-2.1,5.1,2.9,2.2,0.4,1.5,2.3,6.2,4.3,-0.8,0.7,-0.1,-0.7,-1.2,3.9,-6.8,2.2,5.4,15.4,9.3,-1.9,-5.5,1.4,1.5,6.1,-1.9,10.9,-5.6,-2.3,-0.3,-3.2,2.2,-0.6,5.8,1.3,-3.9,-5.2,4.1,3,1.4,-1,0.6,-8.7,-8.3,3.9,-2.8,-2.1,11.9,-1.6,-2.4,-19.5,3.8,3.1,6.3,8.8,7.5,3.1,4.4,-7.3,-0.4,-11,-9,-23.8,3.9,13,-0.3,3.4,8.8,-1.5,0.6,-3.8,5.7,9.6,9.6,0.6,2,-2.5,3.9,0.9,1.3,2.8,3.7,-1.9,1.8,1.1,2.6,9.1,-2.3,-8.2,-20.7,0.2,-9.1,26,3.7,-0.9,1.3,0.6,-2.7,-6.1,-2.2,2.6,-1.8,7,2.4,-4.5,-0.2,2,1.1,3.1,11.8,-7.2,-15,3.4,3.1,3.7,-4.5,-2.3,2.2,1.1,-4.1,-17.9,-2.4,2.3,1.7,-1.4,-0.7,2.2,1.7,0,-1,1.8,-2.3,-5,-2.7,-2.5,4,1.5,-4.5,-1.1,-8.3,-3.2,2.1,1.1,-1.4,-2.9,0.7,0,3.4,-1.2,-2,0.7,1.6,0.3,2.2,-0.3,-2,-1.8,-2,-7.1,-8.9,5.1,-1.3,3.1,-20.4,-11.1,0,3.3,-21.3,5,9.3,-26.9,-26.5,-21,10.8,9.8,14.6,-13.3,1.5,-0.3,-1,10.6,-12.6,0.2,19,-11.1,9.9,16,-21.2,6.9,-22.9,22.2,9.2,35.1,59,-2.6,3.2,-18.1,143.9,-54.6,16.8,20.9,11.6,-2.7,-31.2,113.6,-211,-11.5,-42.7,50.4,14.9,-17.6,-31.2,10.4,4.5,170.7,123,-81.8,7.9,-14.4,2.1,-44.2,14.7,32.3,-28.6,-8.9,-15,49.7,-19.5,12,-5.5,20.6,58.3,-52.8,-189.5,-95.5,20,-27.6,22.7,5.8,-19.2,49.2,-3.5,26.6,-0.4,-26,23.4,4.8,-4.6,-8.6,-2.8,14.8,-1.3,11.7,-1.5,-27.3,-16.1,10.6,-108.7,72.6,-32.6,54.9,-137.7,44,34,-5.6,51.7,25.4,10.8,-4.3,28.1,-79.3,-5.4,-2.8,91.2,26.7,8.9,50.6,22.9,8.1,36.9,-17.9,25.5,-22.4,-34.9,-13.5,-16.6,-11.5,-176.9,-119.2,29.6,46.3,119,-3.5,-0.7,28.9,-6.8,1.1,-28.3,14.5,-7.4,12.7,-14.6,4.1,3.1,-69.5,-158.8,2.2,-10.5,10.7,12.3,4.1,-42.8,-38.2,31.7,-14.8,-2.8,-12.8,-0.6,-3.7,7.4,9.1,10,-4.3,-9,-8.8,-4.2,22.7,63,-17.9,-4.8,46.6,27.6,-54.7,13.7,-18.8,-1.9,-14.8,2.2,-24.2,31.5,1.3,8.6,-1.1,17.9,-14.5,-2.9,18.6,2.1,13.5,28.6,-7.8,-2.5,9.5,-23.8,3.7,33.4,-15.7,-1.9,31.3,-49,-34.5,15.8,17.5,-41.6,3.3,-17.4,-7.8,-12.2,-4.3,3.5,2.8,1.7,-10.9,1.7,1.1,-10,3.7,-28.4,-14.5,-7.8,27.6,-8.5,-43.7,4.9,-7.7,0.2,2.9,-20.7,6.2]","[14.3,28.9,-16.7,-55.9,-55.7,-63.1,-22.2,4.2,-20.5,0.6,-1.7,5.9,33.7,-38.4,-44.1,-24.6,67.9,-0.8,-85.4,15.5,-21.6,-5.5,0.5,35.8,2.2,5.4,3.5,2.2,7,2.7,-7.1,0.8,5.7,-20.5,25.4,29.7,-12.4,-30.3,26.8,23.7,14.2,-13.6,-1.4,8,5.5,6.8,-1.3,-2.1,2.9,-1.3,1.6,3.2,3.4,5.1,3,2.5,-5.5,-1.1,2,-2.3,-3.1,-2.3,-5.6,-5.8,-11.3,-3.8,-7.5,-23.8,13.2,35.4,-64.5,-53.2,40.6,48.5,10.4,11.9,6,15.1,-23.3,-35.7,-48.2,-34.9,7.2,5.9,-6.3,6.6,-24.7,-26,142,19.7,-17.7,-11.7,-11.5,-2,-9.7,-5.7,-4.3,7.1,2.7,1.2,-3.1,-4.5,-1.9,-6.6,-7.8,-14.7,-1.2,-6.8,4.7,2.3,-0.1,2.3,-2.4,-1.9,1.9,-3.9,-1.8,-3,-1.2,-3.8,-2.2,3.4,-2.7,1,3,-8.1,0.4,-9,-2.6,4.4,-0.1,5.4,-3.2,-3.1,-5.2,5.9,0.8,4,-7.3,6.2,-2.4,8.8,-2,-0.9,1.7,-4.3,17.1,11.2,-18.4,-4.1,2,0.4,1.1,0.6,9.4,-0.1,16.4,-9.5,-0.4,-3.1,-2.4,-1.7,1.2,4.7,-3.7,7.2,4.6,10,1.6,-0.8,-15.8,4.8,-10.2,2.6,-10.8,2.3,0,-0.4,4.2,-0.9,-1.8,-2.1,-2.2,1.5,-0.1,-0.8,5,1,7.9,-3.2,-7.1,-5,2.1,3.8,2.3,-7.8,3.6,-1.6,15.4,3.7,-11.4,18.4,-28,-9.2,22.3,-8.5,-19.2,-0.6,-1.3,2,-4.8,-1.3,-4.4,-7,-6.1,1.5,-3.5,2.6,14,-3.1,-7.4,-8.5,-7.4,0.2,4.3,6.9,6.8,-3,5.4,6.5,7.4,2.8,-3.4,-10.9,-2.7,4.8,2.4,0.3,-3.5,-1.7,4.1,0.3,-4,2,0.1,-3.4,-4.1,-0.2,-0.6,2.9,-0.8,-0.8,-4.6,-17.3,-13.1,-5,6.9,7.7,-10.1,-10,0.8,1.1,-8.6,15.4,-3.6,4.4,4.6,0.3,-5.3,-6.1,-3.4,7.3,8.4,3.6,1.3,5.2,8,1.3,4.5,-3.8,2.7,-2.8,7.5,4.7,10.2,-2.8,10,6.6,2.7,-5.1,9,-0.6,3.4,-1.9,5.5,-0.1,-2.2,0.8,-2.7,1.4,4.8,4.8,3.1,-6.8,-14.1,-18.7,-13.3,0,6.3,-10.6,3.1,14.3,-4,2.8,-29.8,0.7,5.8,7.3,34.5,-3.2,4.9,9.5,-16.5,2.6,-3.1,10.1,-8.2,4.1,11.5,4.7,8.5,5.7,-2.1,0.4,-2.6,5.8,15.4,8.3,-5.4,0.8,-2.6,5.4,5,5.4,6.7,2.1,1.8,2.5,1,0.4,0.1,3.4,-25.7,-40.9,-15.8,-8.9,34.7,14.6,-2.5,6.2,2.8,1.7,2.7,1,1.9,3.9,-9.1,1.2,6.2,7.2,4.6,-5.9,4.1,-3.1,3.4,11.2,-2.9,11,5.1,-0.3,-0.9,-0.7,-2,7.4,-22.2,2.1,-3.5,2.2,2.4,0.5,1.9,2.1,4.3,-0.1,5.8,0.3,-0.6,-4.6,-12.1,0.5,-8.6,3.9,0,-0.5,6.8,1.9,1.5,0.1,-0.5,2.8,4.3,-3.4,4.3,0.5,0.7,-3.3,-0.2,6.8,-1.7,6.5,7.7,4.1,12.7,14,6.6,11.3,32.2,-11.3,5.5,10.6,22.9,29.7,34.2,-19.9,-28.4,-67.9,-33.9,-6,8.8,29.4,-30.9,-3.2,-1.3,3.2,14.5,-22.6,10.5,28.4,-23.8,13.6,2.8,5.9,-1,-65.1,60,-10.1,57.8,103.8,-6.1,4.3,-37.9,179.1,-116.5,-12.2,5.5,-4.8,22,23,-101.1,-7.3,28.7,6.7,14.9,0.6,34.9,102.5,14,-9.1,37.4,239.6,21,22.2,7.3,31,60.9,-14.2,-1,16.3,29.9,4.1,8.8,7.9,13.6,6.8,-24,-120.7,-229.9,-27.7,-31.5,-45.6,27.4,7.6,-31.9,-32.3,13.2,21.3,-6.2,6.6,-33.7,25.2,-26.1,-7.9,24.5,14.8,15.1,-9.9,16.2,-3.3,1,-32,20.7,41.9,37,48,-23.8,24.4,4.8,40.7,52.8,12.9,-5.3,25.5,-6.6,35,32.3,147.4,31.2,177,45.5,171.8,46.7,33.4,-6.2,11.5,-6.1,10.4,-26.8,-19.3,-14.2,-43.8,-242.4,-90.5,-30.2,21.5,62.2,110.2,55.6,54.4,28.4,-20.4,2.3,7,7.2,-37.3,40.3,-7,-4,-13.1,-77.8,-60.5,78.4,13.8,6.2,1.6,-4.2,-4.5,-34.2,-1,-105.3,53.1,-45.5,2.1,-3.4,4.6,-10.8,-19.2,-13.1,-13.2,-22.8,-18.4,46.5,42.8,20.6,-18.1,36.6,-2.2,-4.5,-20.4,-28,-18.4,-34.2,-16.2,-4.1,-6.4,9.8,-0.7,-25.6,10,-24,-12.3,-7.1,3.6,-27.9,-11,-2.8,-14.8,-19.4,1.5,-20.3,-19.8,-38.4,-23.3,7.6,-40.7,-38.5,-35.9,-39.2,-13.4,-3.6,-11.7,-3.6,-13.6,-3.3,0.2,0.9,0.9,2.9,-6.4,-25.2,-16.7,-19.6,-1.9,-78.9,-10.8,11.7,-66.6,86.1,-20.2,-3,3.1,0.9,-8.4,12.2]","[-4,5.4,43,-15.4,37.4,19.3,-31.7,18.3,5.6,29.8,48.6,-12.5,-7.2,-8.9,24.5,-7.3,-57.3,-64.6,-20.2,48.7,16.9,20,-37.7,2.7,-2,-0.9,2.5,-0.9,-5.7,4.3,-0.8,3.6,0.6,7.7,-19.6,-2.3,9.3,6,-6.6,3.7,-18.3,1.4,1.4,-5.6,-2.8,-2.7,2.3,-2.3,-1.7,-6.7,-6.9,3.3,6.1,-2.4,-0.1,-2,-2,-3.6,-6.3,-8.4,-5.8,-11.2,-10.5,-14.1,-9.8,-22.7,-15.8,-11.4,-26.6,49.4,-50.8,16.1,192.1,-62.6,-40.6,-37.9,-40.8,-38.1,-49.6,-11.9,-24.9,-5.6,-11.5,-1.6,13.7,0.5,-4.3,2.6,-86.4,-150.9,-93.8,-35.2,-20.2,6,11.3,-7.1,0.1,-1,-1.1,2,3.4,1.4,0.2,2,-11.3,0.7,-12.6,7.5,-4.3,4.5,0.6,-0.8,2.1,-1.8,0.7,-1.6,0.2,-1.1,2.3,-1.1,0.6,0.3,-2.7,1.9,-6.2,4.9,-4.7,7.2,4.3,-6.5,5.7,-7.6,0.7,0,-4.3,-3.5,5.7,-6.6,4.2,-5.2,9.2,-8.9,4.2,1.3,-0.2,0.6,5.6,-1.3,0.3,-0.3,-3.4,3.2,1.2,1.2,-8.4,14.3,-20.3,20,-0.9,-6.9,7.1,-5.1,0,0.6,-2.5,-1.6,-5.2,-6.8,-6.6,7.5,-18.9,3.1,6.7,4.6,-5.5,11.8,-12.4,6.9,-10.2,0.4,-3.5,4.3,-1.1,2.2,-5.5,7.8,-7.9,7.1,-8.3,1.1,11.3,0.7,-4,-1.6,-2.6,-5.7,2.1,-1.3,6.7,-8.7,2.1,-18.5,3.9,-7.1,-16.5,-21.5,1,-14.5,-11.4,-12.3,-11.1,-12.5,-13.5,-14.7,-14.1,-15.4,-6.8,-14.4,-18.4,0.8,-7.7,-0.5,-3.2,-3.2,1.8,-1.7,-21.2,6.4,6.7,13.1,8,18.7,20.6,49.7,7.3,1.1,9,10.3,8.9,7.1,2.7,4.4,4.2,2.1,6.3,3.2,4.1,0.8,2.4,-1,1.1,1,1.6,3.5,2.5,1.3,12.9,-8.7,7.1,-5.7,-1.3,2.4,3.5,-5.9,7.1,2.5,-1.9,0.5,4.2,0.1,-1.9,2.4,1.5,4.5,5,4.2,6.4,5,5.9,3.4,11.7,4.9,2,0.7,4.4,-0.7,11.1,3.2,8.9,3.8,9.7,-1.6,-0.4,6.7,-9,2.7,7.8,10.1,11.2,1.3,8.9,3.1,6.4,17.8,28.2,26.1,23,-2,12,16.8,17.9,18.8,6,-15.3,-9.5,19.1,10.5,9.4,7,19.9,-2.6,11.8,21.9,5.2,-29.7,-1.3,1.6,0.6,-3.8,3.7,-7.7,-4.8,2.1,-2.7,0.8,-5.9,-1.2,2.7,3.5,1.2,4.3,4.4,4.3,5.9,9,10.1,10.6,12,15.8,16.2,13.9,19.9,41.3,25.5,14.4,6,-91.9,-15.6,-1.4,5.9,12.9,11.7,9.7,9.9,12.4,0.5,14.7,8.4,-1.7,-5.2,-5.6,9.7,2,-4.7,-18.8,-27,5.8,-2,0.5,-1.1,-1.9,-1.3,10.1,-8.3,3.5,1.9,6.2,2.3,1.1,3.4,1.5,4.6,2,7.6,0.8,3.2,8.8,11.2,21.2,6.9,13.2,8.5,10.7,13,1.6,0.9,1.7,0,-2.9,2,-0.6,2.5,-1.1,1,-1.8,7.4,8.2,5.4,12.6,13.6,15,27.7,17.3,20.6,32.5,27.4,67.6,71.3,33.1,-4,1.6,41.4,52.3,87.6,49.7,66.8,27.8,14.6,-5.8,0.4,12.3,7.5,11.6,11.4,8.7,29.7,4.8,-4.7,12.3,7.1,4.6,35.9,22.1,25.1,-19.6,11.8,-18.1,-50.2,-19.2,-24.3,3.6,-46.1,26.8,22.2,-9.7,24.6,-17.3,-22.9,-5.9,20.7,-25.9,-35.5,-21.9,34.9,17.1,42.8,19.2,-12.6,-34.3,-61.2,-134.1,-19.4,-6.5,-14.5,2.9,-58.6,7,-25.8,78,-19,17.9,-7.9,15.7,-17.1,0.3,19.7,224.4,93.8,-34.7,-31.2,7,-15.5,-42.1,4.8,22,-1,2.7,-21.4,48.7,-3.3,-9.1,-1.7,-5,-4.5,0.9,16.5,1.8,36.5,11.9,-4.3,18.2,1.4,73,-2.5,6.3,2.8,-26.7,-4.4,-18.5,-20.7,-2.6,-16.1,8.5,34.3,-4.1,53.3,11.1,43.3,-129.5,-65.5,-51.6,-35.4,-2.6,-41.9,21.7,9.4,69.7,36.1,36.2,25.9,197.7,167.3,-39.8,-63.5,-103.6,-16.1,-3.1,4.1,1.1,0.7,-0.7,-7.4,-2.5,-22.4,-7,-0.9,16.8,64.6,-14,-32.4,-145.5,28,-40.6,-6.5,31.3,4.3,23.7,-21.4,-52.4,-24.2,1.5,-5.9,-14.3,-13,-11.1,-8,-18.8,-7.4,7.1,-4.8,-25.4,-4.7,-1.6,-12.5,34.6,45.2,27.6,-13.9,-25.7,-18.8,-35.2,26.8,-11.7,6.1,-26.1,-21,-8.5,-34.7,-8,-6.3,-41.8,-17.2,16.7,-23.6,-32.3,-24.8,9,-44.6,-9.7,5.8,-53.7,23.5,-19.6,-52.3,-41,-1,-19.3,-47,-11.4,-20.3,-10.9,-6.7,-3.6,-18.5,6,-6.2,-3.6,-9.4,-3,-4,1.5,-35.6,-7.5,15.5,-5.7,-16.5,24.9,-0.3,3.5,-7.1,-37.1,-0.4,-6.3]"
"Peaugeot 208","0F0DS352653090270984","Thibaut D","Acceleration","instantane-5/+5","2026-03-04 10:34:30","2026-03-04 10:34:40",10.12,"[-0.1,-0.4,1.2,0.5,-0.1,-0.9,0,0.5,-2.4,-0.4,0.4,-2.1,-2,-1,0.3,-1.5,-0.8,0.8,0.1,1.2,0.1,-1.5,3.4,-1,-1.3,0,-0.1,0,-1.3,-1.6,-1.6,-1.2,-1.2,0.2,2.8,-0.7,0.1,-0.4,0.3,-1.2,0,0.2,0.3,-0.5,-0.2,-0.2,-0.3,0,-0.3,-0.3,-0.4,0.3,0,0,0.1,-1.1,0.6,-2.5,-6.6,0.3,-2.6,0.9,3.3,0.8,-1.3,2.3,-1.6,-1,0.2,-0.1,1.3,0.3,-0.6,-1.3,1]","[-1.8,-1.4,-1.5,-1.3,-1.8,-0.3,0.5,-1.1,-0.1,-0.3,1.2,0.5,-0.6,1.2,0.6,-0.3,1,0.9,0.4,0.1,0.1,1,1.5,1.5,-1.4,-2.3,-1.1,1.1,-1.8,-2.1,-1.9,3.6,1.1,0.2,-1.8,-0.5,-0.7,-0.4,-0.4,1.3,-0.3,-0.8,-0.5,-0.8,-0.4,-0.7,0,0.2,0.2,-0.4,0.2,-0.4,-0.5,-0.3,0.5,2.2,0.5,2.7,2.4,0.3,0.8,-0.8,-0.5,1.5,3.2,6.9,-0.3,-2.5,-0.8,1.2,2.7,1.1,0.9,0.2,0.5]","[-0.5,-2.1,0.1,0.4,0.5,-1.7,0.8,0.9,-1,1.2,1,-1.2,-1.6,2,0.7,-0.3,-2.5,0.5,-1.1,1.4,-0.6,2.2,-2,3.6,-2,-1.4,-1,-1,-1,-4,-2,11.3,-3.9,-6.2,-1.7,-0.4,-0.1,-0.7,-0.3,-0.3,-0.4,0,0.3,0.2,0.2,-0.2,0,-0.1,-0.1,-1,-0.3,0.3,0.8,0.8,-1.5,-0.1,-1.1,-1.4,-1.8,1.3,-4.3,-1,1.5,-2.3,-0.6,2,2.4,-2.8,-2.1,-1.9,0.1,-1.3,-1.1,-1.1,1.5]","[0.8,-10.3,-7,-11.6,7,1.8,-6.6,-0.7,-12,-5.1,-2.1,43.5,26.8,-3,-29.4,-28.6,-2.3,11.7,72.4,-49.4,-18.3,36.8,4.6,131.1,11.6,35.3,8.4,-77.1,-11.6,-43.8,-26.7,-12.3,-3.9,-34.3,-35.7,-17.1,-0.2,-0.5,-1.1,4.9,0.4,-4.5,2.8,4,-0.7,1.4,-3.5,3.1,-8.9,-11.7,5,3.9,5,-10.4,0.7,-4.2,-1.8,-18.7,7,22.9,63.6,-96.6,36.8,-30.3,-71.5,-16.6,165.6,20.4,-7.4,4.3,-16.5,-1.6,22.7,15.4,32.9]","[4,-13.3,-5,1.1,-1.3,-4,-6.6,-5.7,-3.1,3,59.9,-22.6,-4.1,6.9,-32.6,-75.3,11.2,16.4,48.5,-91.2,-35,3.1,83.5,-42.5,-46.4,3.6,35,-15.1,24.5,-11.1,-154.8,91.6,5.7,109.2,-18.3,-16.5,7.8,-9.3,-2.6,8,14.7,-0.4,-0.3,1.9,2.6,-3.6,-0.3,4.2,-11.1,-6.3,4.8,3.7,1.4,-17.9,-0.9,-1.4,0.2,18.6,-48.8,-6.9,32.8,63.6,-23.2,-9.1,-17.6,53.1,-7.8,1,6.3,-23.8,12.2,-4,11.9,30.9,54.8]","[-1.4,6.5,-0.1,-3.4,-4.9,2.6,-7.9,9.3,6.1,-1.1,43,20.6,58.7,-0.5,51.1,-13.5,-22.3,3.9,11.1,57.3,10.1,55,-99.3,-50,3.8,-6.8,-4,-16.5,82.2,7.8,55,55.1,17.7,-79.9,-0.1,-1.7,-4.4,-0.6,-2.9,0,-1.1,-4.3,3.4,-2.7,0.3,0.9,2.4,-4.4,6.8,0.2,-1.4,-0.4,-3.4,4.6,-8.8,-26.3,-0.8,28,131.5,65.4,65.6,228,-61.3,-143.3,-76.1,-157.9,-10,-7.8,-8.6,13.8,7.6,-16.5,7.1,12.6,-6.7]"
"Peaugeot 208","0F0DS352653090270984","Thibaut D","Conduite non agressive","auto","2026-03-04 10:34:40","2026-03-04 10:34:52",11.58,"[-2.4,2.5,2.1,0.5,0.6,1.2,0.6,-0.6,-3,-1.4,-1.1,1.3,0.6,0.4,0.5,0.1,0.3,0.1,0.6,0.3,-0.2,-0.2,-0.5,0.2,0,-1.6,-1.7,-1,-0.9,-1.8,-0.4,-2.3,-1.6,-3.3,1,-2,-3.8,-3.1,-3.1,0.4,-1.9,-1.1,-3.1,-1.9,-1.9,-1.6,-1.8,-0.9,-2.5,-1.6,-2.1,-1.8,-2,-1.5,-2.1,-1.5,-1.8,-0.2,0.2,-0.3,-0.7,-1.1,-0.2,0.3,1.5,0.4,1.2,-1.8,0.9,0.2,-1.5,0.8,1,-0.2,0,-0.2,0.7,-0.3,-1,1.2,0.4,0.3,0.4,0.1,-0.1,-0.7,0.8]","[-5.2,4.3,0.8,0.1,0.1,0,-1.3,1.8,-2.6,0.5,-0.8,1.1,-0.2,0.6,1,0.7,-0.1,-0.2,-0.1,0.4,0.4,0.1,0.5,-0.1,-0.5,-1.1,-1.3,-0.7,-1.2,-0.6,-1.3,-0.8,-0.6,-2.3,-1,0.2,-0.1,-2.2,-2.3,-5.2,-1,-2.6,-2,-1.9,-1.9,-2.3,-1.3,-2.1,-2.2,-2.2,-1.3,-1.5,-1.3,-1.5,-1.9,-0.8,-1.2,-1.8,0.7,-2.1,-0.1,-0.5,-0.5,0.4,0.8,-0.1,-0.1,0.5,-0.5,-0.5,1.9,-1.2,1.3,-0.1,-0.7,0.4,-1.5,0,0.9,-1.8,-0.2,-0.6,-0.9,-0.8,-1.7,0.6,-1.1]","[-5.9,-2.8,3.2,-6.7,-4.4,-3,-2.9,2.7,-0.7,-1.8,-0.8,1.8,0.7,1.3,-0.4,0,1.1,-0.1,-0.2,-0.3,0.6,0.6,1.2,2.3,-0.2,-0.8,1.5,-0.2,-1.4,1.1,-1.5,0.2,0.5,0.5,3.5,4.5,-5.1,1.8,0.8,1,3.9,1.5,2,4.8,3.2,2.8,1.4,1.4,2.4,0.2,1.2,0.2,0.1,0.8,0.9,1.3,0.7,0.3,0.9,0.7,1.3,1,0.8,-0.3,2.8,0.8,-0.1,-0.9,0.8,1,-1.7,-2.6,-1.6,0.3,-1.6,2,0.8,-1.7,0.9,0.3,0.3,-0.5,0.4,1.9,1,0.8,0]","[-146.7,-159,64.6,56,29.1,-17.6,-19.1,-1.7,8,4.8,-7.5,18.3,7.8,1,2.5,-1.1,-1.7,-1.2,0,-6.9,-0.6,1.1,1,-2.5,5.4,0.6,2.5,4,-2.1,8.3,-4.6,1,1.6,3.7,12.8,-59.7,76.4,55.3,-30.8,-32.6,17.3,-5.3,17.1,18.6,3.3,10.5,3.5,-8.5,-1.6,-3.4,-0.6,-1.4,0.1,0.7,3.2,5.6,-2.2,-16,-3.9,-1.5,-4.4,4.2,5.7,-2.6,11.7,0.7,-2.2,-9,-3.7,11.3,5.8,-4.6,-3.3,13.2,-12.5,-3.1,-1.7,-7.8,-19.3,-6,1.7,-6.3,7.2,-2.7,-4.3,-2,-0.8]","[-4.1,-112.7,6,347.6,-31.3,32.7,-10.4,22.7,0.8,8.2,-20.9,-11.8,-25.5,-4.3,5.2,2.9,14.7,9.3,3.8,2.9,-9.3,-1.1,1.7,12.2,10,-6.4,1.3,-2.6,7.5,-11.7,14.2,-10.1,-4.7,-15.4,-25.1,-35.2,-18.2,-64.7,53.1,-16.4,21.2,-6.2,-14,-6.5,-15.8,-4.8,-2.4,4.9,-8.2,-3.6,-3,2.7,8.9,4.4,-8.7,-6.8,-9.7,-4.3,5.9,-8.7,-9.8,-6,0.1,3.7,-6.7,-6.1,8.8,-2.1,13.7,-6.9,18.7,3.7,-1.1,-15.9,2.9,-15.4,5,0.4,-0.4,6.6,-7,4.7,9.4,-8.4,3,-12.6,14.4]","[77.2,98.9,45.2,120.9,-2.7,-7.6,-4.3,-9.7,-3.7,0.6,10.8,-7.6,-2.5,-5.2,-2.2,0.1,-0.4,0.3,-2.3,-1.4,0,0.7,1.8,-3.2,-0.2,6.7,-7.1,-4.1,0.7,3.2,-0.2,6.8,2.1,-20.5,22.3,29.1,-35.1,2.8,-76.2,-201.5,16.5,2.6,-5.3,-9.5,4.2,0.9,-1.4,-4,4.7,-1,2,6,0.6,-3.8,12,1.5,5.8,0.6,-2.7,6.2,4.9,-0.8,-3.9,5.2,-4.9,-0.5,1.5,7.9,9.6,-15.6,13.8,-2.9,0.1,-11.7,2.6,0.2,4.6,-7.5,0.6,3.2,-11.5,-0.7,-17.2,-9,-6,-0.5,-10.5]"
"Peaugeot 208","0F0DS352653090270984","Thibaut D","Virage serre a droite","instantane-5/+5","2026-03-04 10:34:52","2026-03-04 10:35:02",10.11,"[-0.6,-0.2,0.6,-0.2,-0.7,-0.6,-0.7,-1.4,-1.4,-1.5,-0.9,-0.7,-0.3,-0.1,0,0.2,-0.4,-0.1,0,-1.3,4.1,-0.3,1,1.5,5.2,4.6,2.2,0.3,-1,0.5,-1.4,-0.7,-0.6,-0.6,-0.3,-0.4,-0.5,-0.6,-0.2,-0.4,0,-0.3,-0.1,0.1,-0.1,-1.3,-0.9,-2.6,1.5,1.2,0,-0.9,-0.7,0,0,-0.2,0.2,0,2.4,2.4,-1.1,4.5,-0.7,-2,0.1,-0.2,0,-0.6,-0.3,0.8,1.7,1.6,1.5,1.2,1.6]","[-0.1,0.8,-0.7,-0.2,-0.4,0.6,-0.3,-1.1,-0.1,-0.1,-0.5,0,-0.3,0.9,0.3,-0.2,0.5,0.4,-0.1,0.7,-0.8,0.8,0.4,0,0.2,1.6,-0.1,0.5,-1.1,1.9,-0.2,0.7,1.1,0.8,0.8,0.7,0.8,1,0.3,0.4,0.3,0.1,0.2,-0.1,-0.1,-1,0.1,0.3,0.1,0.5,0.5,0.6,0.7,0.4,0.4,0.7,0.6,1.8,-0.7,0.4,-0.1,3.4,-2.6,-2.3,0.8,0.7,0.6,0.9,2.1,2.7,2.8,2,2.8,3.1,2.7]","[0,-0.1,-0.7,0.5,-0.2,0.5,0.8,0.8,0.8,0.3,0.5,0.4,0,0.4,0.2,0,0.4,0.4,-0.1,-0.5,-1,-0.9,-1.6,0.3,-0.1,-0.4,0.1,0.4,-1.5,1.5,-0.2,0.8,-0.5,-0.1,-0.4,-0.4,-0.5,-0.7,-0.2,-0.1,-0.3,-0.1,0,-0.2,0.7,0.3,0.2,1,-0.5,-1.1,-0.2,5,-1.4,-0.3,0.3,0,-0.6,3.4,-6.7,4.1,-8,2.6,-0.2,-1.8,-0.1,-0.6,-0.2,-0.6,-0.4,-1,-0.9,-0.4,-3,-1,-1.3]","[-6.8,-0.5,-7.7,-3.3,-3.5,-0.5,0.5,-2.1,-1.3,-1,1.2,-0.5,-0.3,1.6,0,-1.4,-0.7,1.3,-1.1,-0.9,25.9,14.4,28.1,20.7,16.1,111.6,36,-2,-0.7,10.5,-7.1,-53,0.2,0.5,0.6,0.3,-3.7,-7.6,-2.5,0.9,-1.8,-0.3,0.5,2.5,0.3,10.2,15.7,32.1,26.9,-41.7,24,-158.1,-5.3,0.7,-1.3,0.3,-4.8,79,114,-74.4,-110.1,20.9,117.7,8.6,-2.7,1,5.1,-1.1,0.9,-8.3,-6.3,33.9,15.8,19.7,8.1]","[-0.7,-0.2,6.8,1.6,-2.2,2.1,3.2,-3.6,-3.5,0,-3.7,-2.2,0.5,0.1,-1.1,-0.7,-6.5,-4.6,-1.3,-10.2,24.6,4.4,-2.8,1.6,21.8,35.2,-66.3,53.7,-300.8,128.5,-20.5,-41.7,-2.3,-0.5,0.2,-2.6,-3,-4.9,-2.4,-1.5,2,-0.2,1.7,-0.6,-1.2,-7.6,0.1,23.7,20.2,-26.6,26.8,-246.8,-6.6,0.3,0.4,1.7,-6.3,27.3,93.3,-36.8,-47.3,47.5,-75.2,26.8,-6.5,12,1.1,13.9,-5.5,25.5,47.5,8.2,21,-10.8,-39.9]","[-5.7,-11.9,0,-7.4,-5,-5.4,-9.8,-5,-0.3,-1.4,-1.6,-2.3,-1.1,-1,-1.9,-1.4,2.4,-0.1,3.1,-0.7,25,12.3,11.7,26.2,-104.9,-360.5,-168.2,-91.4,87,-8.7,13.1,-48,2,-0.2,-0.4,0.9,-4,8.3,-0.7,-1.5,1.4,-0.3,-0.4,-1.7,2.8,16.3,13.9,80.7,-0.6,-8.1,-2.5,-61.3,0.4,-0.4,2.7,-2.9,3.8,-1,31.2,105.5,-13.2,-41.3,-76.3,26.3,-12.8,-12.8,-14.9,-4.8,8.4,-8.2,-29.3,-7.4,-22.7,-31.7,-37]"
"Peaugeot 208","0F0DS352653090270984","Thibaut D","Conduite non agressive","auto","2026-03-04 10:35:02","2026-03-04 10:35:26",24.16,"[2.5,4.8,5.1,5.3,3.2,3.7,6.8,3.3,-1.3,0.1,-3.9,-3.1,-4.3,-3.1,-2.7,-1.4,-4.4,4.3,-1.3,-6.1,-1.4,0,0,-1.4,-2.6,-2.5,-1.8,-1.6,-1.1,-5.6,4,-3.1,-1.5,-1.5,-1.5,-1.2,-0.2,1.1,1.2,2.7,6.2,0.5,1.6,-0.9,0.2,-3.6,2.6,1.1,1.3,-14.8,-16.3,4.3,-2,3.3,0.5,-0.6,-0.9,-2.6,2.4,1.5,0,1.2,1.3,-1.3,-0.2,3.2,3.1,-0.5,-0.7,-2.1,-4,-0.2,0.4,0.6,-0.4,-0.1,0.7,0.1,0.3,0.2,-0.3,0.6,0.3,-0.1,-0.1,0.4,-0.3,0.1,0.4,0,-1,0.1,-0.1,-0.2,0.8,0.1,1.3,0.8,0.1,0.6,0.3,-0.4,0.1,-0.7,0.1,-0.2,0.1,0.7,-0.2,-0.1,-0.2,0.4,0.3,0.3,-0.5,0.7,0.4,0.7,0.8,0.4,1.5,0.8,0.6,0.5,1.3,0.7,1.4,1.4,0.8,1.4,1.1,0.5,1.1,1,1.3,0.8,-0.2,0.7,0.2,-0.1,1.4,-0.2,0.1,0.8,0.1,0.1,0.2,-0.1,0,-0.1,0.2,-0.1,-0.5,-0.6,-0.3,-0.3,0.2,-0.5,-0.1,-0.8,-0.6,-0.2,1.6,0.1,-0.3,2,2.5,0.2,-1.8,-0.5,-0.9,-0.7,0.5,-2.5,1,-2.4,0.9,-1.5,-0.8,-0.6,-1,-0.7]","[3.3,2.3,2.9,2.1,1.4,0.6,0.7,-2,-3.2,-2.1,-1.2,-1.3,-1.9,-3.7,-2.7,-4.1,-4.5,1.5,-2.2,-1.5,-0.9,0.5,-1.9,-0.6,-0.5,-0.7,-1.2,-1.4,-0.6,-5.2,-2.9,-1.7,-1.2,-1.6,-1,-1.3,-1.1,-1.7,-2.1,-1.5,-0.9,-0.5,-0.8,-0.6,-0.9,-1.9,-0.1,-1,-1.2,-1.2,-2.8,-3.2,-0.1,-1.7,-0.7,-1.2,-0.6,0.8,-2.2,-0.8,2.6,-0.2,-0.7,0.7,-0.2,1,0.8,-2.6,-1.9,0,1.1,0.3,0.9,0.7,0.4,0.5,0.8,0.6,0.5,0.6,0.4,0.4,0.3,0.4,0.4,0,0.1,0.1,0.3,0,-0.6,0.6,0.1,-1,-1.8,-1.8,-2.1,-1.5,-1.3,-0.7,-0.5,-0.6,-0.2,0.3,0.6,0.2,-1.1,-0.4,-0.5,-0.5,-0.2,-0.1,-0.4,-0.2,-0.4,-0.1,-0.4,-0.9,-0.9,-1,-0.6,-0.9,-0.6,-0.6,-0.6,-0.3,-0.2,-0.4,-0.5,-0.2,-0.5,0.1,-0.3,-0.8,-1.2,-1.2,-0.8,-1.3,-0.9,-1.2,-1.4,-1.4,-1.4,-2.2,-1.4,-1.7,-1.5,-1.6,-2.3,-1.9,-1.7,-1.4,0,-1,-0.1,-0.6,-0.2,1.3,3.5,1.8,0.9,2.4,0.2,1.4,1.7,1.3,0.2,1.1,0,1.5,1.1,1,0.7,1.2,-0.7,1.7,0.6,2,2.5,2.1,2.4,2.3]","[1.3,-0.6,0.7,4.2,0.7,0.1,0.3,-0.2,1.7,0,1.8,2,1.9,1.5,2.4,1.8,1.2,-1.4,7.7,5.2,-1.7,-2.4,-7.9,0.8,1.5,1,0.3,0.3,3.5,-5.2,-4.8,-1.7,-1.3,0.2,0.8,0.5,0.5,0,2.7,-0.9,-0.4,0.5,0.3,0.7,1.2,0.6,-0.7,-0.3,-0.8,12,0.1,5.7,1.5,-0.5,0.2,0.9,-0.6,-0.5,3.3,-7,-2.2,-0.5,-1.5,-4.3,1.5,0.8,-2.6,2.3,-2,0.4,0.2,-1.4,-0.1,-0.4,-0.7,-0.3,0.1,-0.2,0,-0.3,0.1,0.1,-0.2,-0.1,0.6,0.1,-0.7,-0.2,-1.4,-0.3,-0.7,-0.7,-0.2,0.1,0.1,-0.3,0.5,0.3,-0.2,-0.6,0.6,0.4,0.1,-0.6,0.1,-0.5,0,0.3,0.1,-0.3,0,0.3,-0.7,0.1,-0.4,0.1,0.7,-0.2,1.7,0.3,1.3,1,0.3,-0.7,-0.3,0,-0.3,0.1,0.1,0.4,-0.7,-0.2,-1,0.2,-0.6,0.2,0.4,0.1,0.1,0.2,0.2,0.6,0.3,0.4,1.3,0.4,0.6,0.6,0,0.9,0.4,0.2,0.4,-0.3,0.4,0.5,0.4,-1.1,-2.9,-0.1,-0.5,-0.6,-0.2,0.5,-0.7,-2.6,-2.5,0,-0.1,-1.2,-0.4,-0.7,-0.2,-0.6,2.5,-0.8,-0.2,-0.8,-0.7,-0.8,-0.8,-0.8]","[8.4,23.6,14,-2.7,18.4,29.9,-39.1,-40.5,43.3,4,18.2,1.1,-3.6,11.7,31.9,19.8,-5.8,14.4,-31.2,76.9,-82.2,-26.7,-101.8,58.9,0.7,3.6,-1.4,4.5,9,-59.3,11.1,32.5,18.2,-11.7,-2.3,-10.4,2.6,-2.4,38.4,-81.7,-7.9,2.2,-3.2,-8.9,1,0.1,-19.8,3.1,-9.2,73.1,48.3,30.6,46.5,27.3,-18.2,8.1,-55,44.8,-37.5,42.3,-56.8,-3.7,12.4,3.1,21.1,38.3,-50.8,130.8,-21.6,-66.5,-54.3,9.8,-3,5.6,2,-0.6,1,3.2,1.6,3.5,3.5,-3.2,2.1,-1.5,6.1,1.1,-3.6,0.8,-11.6,-0.3,3.7,4.4,-1.7,-7.6,-7.6,-3.4,3.9,2.4,1.2,-1.8,3.3,3.6,4.2,1.5,0.1,0.6,-0.7,1.3,4,2.1,-0.5,-0.6,-1.8,-1.3,2.6,-5,-0.6,-3.3,0,-7.3,-6.4,-2.7,3.5,-3.3,-2.7,4.1,-4.8,1.9,10.3,2.7,-5.2,-11.1,-4.3,-1,-3.5,8.5,0.4,-1.5,-2.1,-1.3,-4.8,-1.5,2.7,4.2,1.8,1.2,-3.9,-0.2,-1,-0.7,0.3,-2.1,0.6,1.3,3.1,25.5,32.4,28.6,17.2,2.8,1.5,38.8,-20.3,-3.7,5.3,-18.7,-5.9,-15.5,-0.7,-4.6,4.7,1,-3.7,-5.3,12.5,-7.9,1.9,-0.8,3.1,-0.4,1.4,2.4]","[-26.9,12.4,-29.8,-16.3,-36.7,-46.8,-21,-9.7,-9.4,-30.2,10,-23.9,74.7,8.2,-8.4,6.9,-39.4,-51.6,-20.3,-6,-22,57.6,108.2,135.9,-7.7,22.8,19.8,38.6,91.2,101.8,-7.8,90.9,75,-9.2,2.8,0.7,8.1,35.6,77.2,-128.9,-17.7,-1.2,-1.4,-13.2,27.1,27.7,-22.5,8.6,26.8,-73.7,-53,-95.6,73.1,212.6,-26.8,7.9,-177.6,-301.6,22.7,562.4,-54.4,-19,-36.3,-13.7,30.6,102.2,106.5,-117.6,17,-124.4,-110.3,74.8,-3.8,-2.9,-2.4,-6.8,0.5,0.9,1.1,4.5,3.4,-5,-0.4,3.4,5.5,-0.3,-6,0.5,-0.3,-2.6,0.5,0.5,-10.8,-12.6,-12.1,-1,3.2,-4.9,3.7,-1.4,1,2.7,0.8,5.5,0.9,-2.2,-2,0.5,1.7,2.9,-3.7,-0.7,-2.4,0.6,-2.6,-3.4,0.5,-0.7,3.6,-0.2,-5.2,-0.1,-0.2,-4.5,-5.8,-4.1,-7.5,-6.4,-7.5,-0.7,1,-4.7,-4.9,-1.2,-5.1,-9.2,1.3,-4.1,-4.6,-1.1,-7.2,-6.5,8.4,-1.6,1.5,-2.9,-1.5,1.2,-4.1,-1.3,-0.5,-2.3,3.1,-4,3.3,51.3,76.1,28.6,2,-1.4,4.6,29,-29.4,-12.4,-30.8,-1.6,2.4,-10.2,10.7,0.9,2.1,0.2,-4.4,6.1,-11.5,-11.2,7.5,1.8,5.8,1,2.4,0.5]","[-28.4,-8.1,-12.8,-30.4,-11.6,21.9,-46.5,-64.3,46.3,-11.6,6.9,-43.4,11.2,8.9,-17.5,29.9,137.3,73.1,-15,-10.8,-108.8,-10.8,4.1,13.5,-10.8,4.1,9.3,10.8,3.2,314.4,54.3,58.2,32,22.1,18.7,11.8,12,-107.5,-5.2,-31.9,17.2,11.8,-0.8,25.8,1.4,102,-11.2,-65.2,-43.4,37.7,279.2,26.4,67.9,90.8,-11.3,-0.2,19.7,27.6,-58.2,54.4,37.8,29.5,-3.8,11.8,16.1,-34.1,-207.8,-128.2,44.7,30.7,-3.6,-3.9,-0.4,1.6,1.3,2.2,-4.1,-0.8,-1.1,-2.6,0.4,-0.8,-0.4,-1.4,-0.8,-1,1.4,-3.1,-4.6,3.7,1.6,0.6,-0.1,-4.9,4,3.8,-0.1,0.4,-5.7,-0.6,0.6,-1.1,-1.9,-2.6,-0.7,0.3,4.3,-0.3,0.9,1.8,-2.1,1,0.1,0.8,0.4,-1.4,-1.2,-2,0.6,-3.4,-1.5,-3.8,-3.1,-2,-5.2,-6.2,-6.9,-10.6,-14.5,-16.7,-4.3,-17.4,-10.6,-9.1,-20,7.8,-10.3,-18.1,-7.1,-9,-6.9,-2,-19.3,-9.3,-8,-10.6,-7.4,-7.1,-3.4,-2.9,-3.7,-1.4,-7.8,3.3,-0.6,10.6,15,15.9,0.7,-1.3,22.4,63.5,35.8,11.8,-6.8,-103.5,-91.9,26.6,-5.9,-0.8,-1.4,-4.3,-3,32.4,-25.8,-6.2,-11.3,-2.9,-1.9,-0.3,-5.4,-1.9]"
"Peaugeot 208","0F0DS352653090270984","Thibaut D","Changement de voie a gauche","instantane-5/+5","2026-03-04 10:35:26","2026-03-04 10:35:36",10.10,"[-0.6,-0.4,0.2,-0.5,0.6,2,1.9,3.5,2.1,1.7,3.9,3,1.9,2.5,2.8,2.6,0.7,2.2,2,1.7,1.3,0.3,1,0.9,1.4,0.4,-0.1,0.6,-0.2,0.9,0.1,0.5,0,0,-0.1,-1.5,-0.8,-0.9,-0.8,-1.1,-0.6,-0.7,-0.4,-1,-2.7,3,-2.2,-2.6,-2.2,1.1,3.3,-0.7,-3.5,-2.6,-1.3,-0.8,-0.7,0.2,-0.8,0.8,1.4,1,0.4,0.6,-0.7,-0.4,-0.5,0.3,0.3,0.4,-0.6,-2.6,-3.2,-2.9]","[2,1.9,1.6,1.4,1.6,2,2,1.6,1.3,1.1,1.2,1.2,-0.4,-2.4,-2.1,-2,-2.3,-2.3,-0.7,-0.7,-0.6,0.2,0.7,-0.6,0,-0.2,0.2,0.1,0.6,0.3,0.5,0.1,0.2,-0.1,-0.3,-1.1,-2.5,-1.6,-0.3,-2.6,-1.4,-0.8,0,-0.6,-0.2,-1.5,-1.2,-2.1,-1.1,-1,2.1,-1,-2.3,-2.1,-0.7,-0.3,-1.1,-0.8,-0.5,0.6,0.3,-0.2,-0.4,0.3,0.2,-0.3,0,0,-0.5,0,0.3,-0.9,-2.5,-1.6]","[-0.5,-0.3,-0.7,-0.6,0,0.1,-0.6,0.5,-1.5,-1.2,0.4,0.7,-1.6,2.4,0.7,2,-2.3,0.2,-0.3,-0.1,-0.5,0.2,0.1,0.2,-0.1,-0.9,-0.2,0.1,-0.5,0,-0.2,-0.4,0.4,0,0.5,0.2,-0.9,0.1,1.2,0.3,0.3,-0.4,0.8,0.7,0.3,-1.5,2.1,-0.9,-5.5,2.2,-2.6,8.8,-2.4,-1.4,-0.4,0.5,0.6,-0.9,-0.7,0.5,1.9,-1.1,0.7,0.8,-0.1,-0.9,-0.2,-0.1,1.7,-0.4,0.4,-0.3,-0.6,1.2]","[1.9,0.6,0.9,0.5,-5.5,-6.3,-1.5,-2.9,-4.4,-4.3,1.9,-6.1,2,6,-25.5,-10.3,-63.5,-1.1,4.8,7.9,-2.4,6.7,0.4,0,-8.5,3.3,1,3.5,-1,1.5,-1.4,-1.3,3.7,-7.6,-6.9,3.3,-10.4,6.6,23.2,-1.9,-1.5,-1,0.9,9.1,-15.6,-15.3,24.3,-1.6,25.9,10.4,38.5,127.6,36.1,49.9,1.4,18.5,33.9,6.5,-23.1,-0.7,13.2,-0.6,-2.5,10.7,5.1,12.5,4.8,1.1,7.2,2.4,-2.4,-7.3,-13.4,-15.3]","[-0.8,-1.7,1.2,-6.4,-17.3,-5.2,-5.2,-11.8,-22.1,-13.7,-1.1,-23.3,-2.9,4.3,-27.4,-15.3,-35.9,29.4,-12.5,7.8,-4.1,-0.3,-2.1,-0.4,-14.9,0.5,1.7,6.7,-3.2,2.6,-3.9,1,5.8,1.1,11.5,2.1,-15.4,0.7,8.6,-14.9,-10.6,4.8,-9.8,9.4,15.9,-3.7,-1.1,-6.6,-7.7,32,56.6,-105.5,-65.4,-6.5,24.6,-10.6,-7.2,33.4,-4.7,3.2,-0.9,2.9,19.9,5,-22.6,-17.6,-13.1,-2.3,-16.3,-0.5,-2.9,53.8,50.7,67.1]","[-4.9,-3.6,-7.6,-12.3,-7.1,-6.6,-22.9,-23.9,-24.1,-34.6,-22.1,-21.6,-26.3,1.3,25.1,12.6,76.4,98.2,-44.5,-13.7,-6.3,1.2,-2.8,-2.2,-3.5,0.3,0.2,-0.8,0.3,-1.9,-0.2,-0.1,0.6,-1.1,2.4,11.7,7.5,4.1,0.9,1.5,3.8,3,-2.8,2.6,49.2,1.3,12.1,25.4,48.1,-48.2,-151.6,-134.5,-81.8,-19.2,-5.6,27.8,19.6,0.2,3.5,14.8,-1.5,-14.5,-9.5,4.6,0.1,-0.4,8.8,-1.5,-0.6,-1.5,0.7,-21.9,-19.9,-39.4]"
"Peaugeot 208","0F0DS352653090270984","Thibaut D","Conduite non agressive","auto","2026-03-04 10:35:36","2026-03-04 10:37:39",123.19,"[-1.2,3.2,0.7,4.1,3.1,6.1,7.3,2,1.1,0.2,-0.3,0,-2.5,2.3,-7.5,-3.6,2.9,2.5,-3.9,-2.1,-1.4,0.3,-0.4,0.3,0.4,1.9,0.1,-0.4,-2.1,-1,-0.5,-0.2,-0.8,-0.8,1,0.5,1.8,-3.4,0.4,1.9,0.2,-1.6,1.6,0.2,-1.1,-1.2,1.1,-0.6,0,0.3,0.9,0.2,0,0,0.3,0.4,0,0.1,0.2,0,0,0,0.2,0.3,0.2,0.2,0.4,-0.5,0.5,0,0.4,-0.3,-0.4,-0.3,0.3,0.1,0,-0.4,-0.1,0,0,0,0.2,-0.1,0.1,0.1,0.2,-0.3,-0.3,2.1,-0.4,0.4,-0.2,0.3,0.2,0.3,0,0.1,0.1,0.4,0.5,-0.3,0.2,-0.2,0.8,0.7,-0.2,0.5,0.3,-0.2,-0.1,0.1,0,0,-0.2,-1.3,1.7,-0.7,0.1,0.1,-0.2,-0.1,0.3,-0.2,0.8,-0.2,0.7,-0.3,0.7,-0.1,-0.1,-0.4,0.4,-0.2,-0.3,0.1,0,0,-0.2,-0.1,-0.1,-0.1,-0.2,0.2,-0.1,1.1,-0.8,-0.8,0.5,0.3,-0.7,0.2,-0.3,0.1,0.5,-1.5,0.3,0.7,-1.6,0.6,0.2,-0.1,-0.2,0.1,-0.2,-0.1,0.2,-0.4,0.3,-0.5,0.2,0,-0.1,0.1,0.2,-0.6,-0.6,-0.2,0.4,-0.6,0.4,-0.5,0.3,0.4,-0.8,0.3,-0.4,0.4,-0.4,0.2,-0.3,-0.1,0.1,-0.3,0.1,-0.6,0.4,-0.2,0.9,-1.1,0.1,1.1,-0.6,0,0.6,-0.3,-0.2,0.2,-0.1,-0.1,-0.8,0.3,0,0.4,-0.7,0.8,-0.6,-0.5,0.6,0.1,-0.3,-0.1,-0.3,0.3,-0.5,0.1,0.1,0.2,-0.2,0.1,0.4,0.3,-0.7,2.2,-2,1.3,-0.2,0.8,0,-0.3,0.7,0,0.4,-0.4,0.1,0.2,0.2,-0.2,0.2,-0.1,0.4,-0.3,0.1,0.1,-0.3,0,0.1,-0.3,0.4,-0.2,-0.1,0,-0.4,0,-0.2,-0.3,0.1,0.1,-0.3,-0.2,-0.1,0.1,0.2,-0.1,0.1,0.1,0.3,-0.1,0.2,0.2,0,0.1,0.6,-0.2,0,0,-0.2,-0.3,0.2,-0.6,0.1,0,-0.2,0,0,-0.2,0.3,-0.2,-0.1,0,0.1,-0.4,-0.2,0.3,0,0.3,-0.9,0.4,0.3,-0.5,0.5,0.4,-2,-1.6,1.1,-1.2,2.6,-0.6,-0.6,-0.3,4.1,-3.5,1.7,0.8,0.2,0.4,0.1,-0.5,0.3,0.5,-0.5,0.7,0.1,-1.6,0.1,0.2,0.1,1,-0.1,-0.5,0.9,0.6,-0.5,0.7,0.7,0.1,1.6,-0.3,0.6,-0.1,0.8,0.2,0.6,-1,-0.3,-0.4,0.2,0.5,-0.6,-0.8,-0.2,-0.3,1,0.2,-0.3,1,0.2,-1.2,1.3,-0.7,0.4,-0.1,0.4,0.3,0,-0.3,0.5,0.3,-0.5,-0.4,0,-0.3,0.8,-0.1,-0.5,0.1,-0.1,0,1,-0.4,0.8,-0.2,-0.5,-0.8,0.5,0.3,-0.8,0.3,0.3,0.6,0.3,-0.5,-1,0.9,0.1,0,-0.7,0.1,0.1,-0.6,1.1,-0.4,-0.8,0.2,0.5,-0.5,0.2,-0.3,-0.2,-0.6,0.5,-0.1,0.1,-0.5,-0.3,0.1,0,-0.4,0,0.3,-0.2,-0.1,0.1,0.1,0.1,0.3,0.3,-0.5,-0.4,0.5,-0.6,0.2,0.5,-1.2,0.7,-0.7,-0.1,0.7,-0.5,0.5,-0.3,0.7,-0.9,0.6,-0.3,0.4,-0.4,0.6,-0.1,-0.9,0.5,-0.1,-0.3,0,0.2,-0.9,0.4,0.3,-0.6,0.6,0.1,0.3,0.4,0.1,0.3,0,0.4,-0.4,0.3,0.1,0.6,-0.4,0.2,0.1,0.1,0,0.3,-0.2,-0.1,0.3,-0.1,-0.1,0.3,0.1,0.1,0.2,0.2,0.2,0,0,-0.4,0.2,-0.1,0.1,0,0.1,-0.1,-0.1,0,-0.1,0,0,0,0,0.2,-0.4,-0.2,0.1,-0.3,0,0.1,-0.1,-0.1,-0.1,0,-0.1,0,0,0,0,0,0,0,0,0,0.1,-0.3,0,0.1,0,0.1,0.1,0,0,0,0,-0.1,0,0,-0.1,0,0,0,0,0,0,0,0,0,0,0,0,0,0,0.1,-0.1,0,0,-0.1,0,0,0,-0.1,0.1,0.1,0,0,-0.1,-0.1,0,0,0,0,0,0,0,0,0,-0.1,0,0,-0.1,0,0,0,0,0,0.1,0,0,0,-0.1,0.1,0,-0.2,0.1,0.1,-0.1,-0.1,0,0,0,0,0,-0.1,0,0,0,0.1,0,0,0,0.1,0.1,-0.1,-0.1,0,0,0.1,0,0,0.1,0,0,0,0,0,0,0,0.1,-0.1,0,0,0,0.1,0,0,0,0,0.1,0,0,0,0,0,-0.1,0,0,0,-0.1,0,0,0,0.1,0,0,-0.1,0,0.1,-0.1,0,0,0,0.1,0,0,0,0,0,0,0.1,0.1,0.1,-0.9,0.1,0.4,0.4,1.2,-0.2,0,0.3,-0.6,0.1,-0.1,-0.1,-0.3,-0.1,-0.1,0,-0.4,-0.1,0,-0.2,-0.5,-0.1,-0.1,-0.4,-0.1,0.1,-0.1,0,-0.4,0,0.2,0.4,0,-0.3,1.3,0.2,1.7,0.6,1.1,1.4,0.8,0,0.6,0.4,0.4,-1.7,-1.1,1.2,0.8,-0.9,0.3,1,0.9,-2,1.4,-2.8,3.1,0.2,-0.5,-0.3,-0.4,-0.4,0.4,-1,0,-0.6,-0.2,-1.2,-0.1,-1.5,0,-0.5,0,-0.6,0,-0.6,-0.2,-0.3,-0.3,-0.1,-0.1,-0.4,-0.2,-0.4,0.2,-0.4,0.1,0,-0.2,0.4,-0.5,-0.4,0.4,-0.3,0.6,-0.7,-0.2,-0.4,-0.5,-0.6,-0.5,-0.3,-0.4,0.1,-0.1,-0.4,-0.1,0.2,0.1,0,0.3,-0.7,0,-0.2,-0.1,0.8,0,0.3,-0.5,0.5,0.5,0.6,-1.5,2.9,-0.1,-0.6,0.5,-0.2,-0.4,0,0.5,-0.5,0.4,-0.1,-0.1,-0.2,-0.5,-0.1,-0.4,0.3,-0.4,-0.1,-0.2,-0.5,-0.3,-0.1,-0.1,0,-0.3,-0.1,0.2,0.1,0.2,-0.2,0,0,0,0,-0.2,0.2,-0.1,0.1,-0.1,-0.4,0.4,-0.5,0.7,1.1,0,3.2,0.5,1.8,0,0.7,-1.3,0.7,0.3,-1.2,0.8,-0.3,0.1,0.6,0.3,0.3,0.4,0.1,0,0.3,-0.1,0.3,0,-0.8,0.4,-0.1,0.4,0.2,0.1,-0.2,0.4,-1.4,-0.4,0,-1.9,1.2,0.5,1.1,-0.4,-0.8,1.1,-0.9,0.5,-0.1,0.4,-0.3,-3.1,2.3,-1.5,0.5,-0.2,0.4,0.5,-0.1,-0.1,-2.2,0.7,-0.8,-1,0.2,0.2,0.4,0.3,0.3,0,0,0.3,-0.1,-0.2,0.1,-0.2,0.1,0.1]","[-3.4,-1.2,2.4,1.2,0.3,-2.6,-1.1,-0.5,-0.6,-1.4,-2.1,-2.7,-3.2,-1.2,4.7,-3.9,-1.4,2.9,-2.1,-3.7,-3.3,-2.5,-0.9,0.4,-0.9,-0.5,-0.6,-0.6,-0.5,-0.7,-0.5,-0.5,-0.5,-0.5,-0.5,-4.3,-3.9,5.5,0.4,0.1,-1.3,-0.3,0.6,0.7,-0.4,-1.2,2.1,-1.3,-0.5,-0.4,-0.6,-0.4,-0.3,-0.5,-0.2,-0.1,-0.5,-0.3,-0.1,-0.2,-0.1,-0.4,-0.2,-0.3,-0.1,-0.4,-0.1,-0.2,-0.3,-0.4,0.1,-0.4,-0.1,0,-0.3,-0.6,0,0.5,-0.2,-0.3,0,-0.1,0.5,0,0.2,-0.2,0,-0.1,0,0.8,-0.3,-0.1,-0.2,-0.1,-0.2,-0.1,-0.2,-0.2,0.1,-0.3,0.2,-0.2,-0.4,-0.1,-0.1,0.2,0.5,0,0,0.5,0.2,0.2,0.2,0,0.5,-0.1,-0.8,0.1,-0.1,-0.3,-0.4,-0.3,-0.2,-0.7,-0.4,-0.8,-0.8,-0.6,-0.8,-0.8,-0.6,-0.1,-0.4,-0.1,-0.5,-0.4,-0.2,0,0.5,0.7,0.1,0.2,-0.1,-0.4,-0.3,-0.5,0.8,0.8,0.8,0.7,1.3,0.9,1.3,1.1,1.1,0.9,0.6,0.9,1,1,0.6,0.4,0.8,0.1,1.3,1.4,0.2,0,0,0.7,0.9,0.1,0.2,0.2,0.1,0.4,0.1,0.4,0.5,0.6,0.9,0,0.1,0.2,0,0.3,0.5,0.2,0.4,0.3,1,1.1,0.7,0.6,0.3,0.2,0.1,0.5,0.2,0.2,0.3,0.2,0.6,0.3,0.7,0.9,0.2,0.5,0.3,0.4,0.4,0.2,0,-0.4,-0.2,-0.4,-0.5,1,0.7,0.2,0.4,0,0.2,0.2,0.1,-0.1,0,0,-0.3,-1.2,-0.2,-0.5,0.3,-1.1,0.4,-0.1,-0.7,-0.2,-0.1,-0.1,-0.2,-0.3,-0.4,0.3,-0.7,-0.2,-0.5,-0.2,-0.2,-0.4,-0.2,-0.3,-0.1,-0.1,-0.2,-0.2,-0.3,-0.5,-0.2,-0.3,-0.3,-0.3,0,0,0.3,0.3,0.2,0.1,0.2,0.1,0.1,0.2,0,-0.2,0,0.3,-0.4,-0.1,-0.4,0,-0.1,0,-0.2,-0.1,0.3,0.3,0.1,0.1,0.1,-0.1,0.2,-0.2,-0.1,0,-0.4,0.1,0.2,0,0.3,0.4,0.1,0.1,-0.2,0.4,0.2,-0.6,0.6,-0.6,-0.3,-0.4,0.3,-0.9,0.4,-0.5,-1.1,0.1,-0.6,-0.2,-0.4,-0.7,3,0.2,0.8,-0.1,0.8,0.3,0.5,-1.4,-0.3,-1,-0.4,-0.2,-0.2,0.2,0.9,-0.5,0.7,-0.3,0.5,1,0.1,0.7,0.5,-0.3,0.1,-0.6,-0.5,-0.2,-0.2,0.6,-0.1,-0.5,-0.2,0.3,0.7,0.8,0.7,1,0.5,0.9,0.7,0.6,0.5,0,0.7,0.4,-0.4,-0.1,-0.6,0,-0.4,0.5,-0.1,-0.1,-0.2,0.3,-1.4,-0.6,0.2,-0.6,-0.4,-0.5,-1,-0.7,-0.2,-0.4,-0.4,-0.4,-0.5,-0.2,-0.3,0.9,0,0.5,0.5,0.4,0.6,0.2,0,0.3,0.2,0,-0.5,-0.7,-0.4,-0.1,0.2,-0.4,0,0.8,-0.3,-0.5,0,-0.3,-0.3,0.3,-0.2,-0.3,-0.1,-0.5,-0.8,-0.1,0.7,1,0.4,0.4,0.1,0.2,0.3,0.3,0.2,0.5,0.5,0.1,-0.1,0,0.2,0.9,0.7,0,0.8,-1,-1.2,-0.7,-0.5,-0.8,-0.9,-1.5,-1,-0.9,-1.1,-0.1,0,-1.5,0.1,-0.6,0.1,0,0,0.2,0,0.1,0.4,0.2,0.3,0.3,-0.1,-0.1,-0.1,0,-0.6,-0.4,-0.6,-0.6,-0.7,-0.5,-0.3,-0.5,-0.2,-0.4,-1.2,-0.6,-0.5,-0.4,-0.3,0,-0.4,-0.6,-0.4,-0.5,0,0.2,0,0,0,-0.3,-0.4,-0.3,0.4,0.2,0.3,0,0.1,0,0,0,0.2,0.2,0.2,0.1,0.1,0.1,0,-0.2,-0.1,1,0.7,0.1,0.6,0.3,0.3,0.2,0.1,0.2,0,0.1,0,0.1,0,0,0,0,0,0,0,0,0,0,0,0,0,0,0,0,0,0,0,0,0,0,0,0,0,0,0,0,0,0,0,0,0,0,0,0,0,0,0,0,0,0,0,0,0,0,0,0,0,0,0,0,0,0,0,0,0,0,0,0,0,0,0,0,0,0,0,0,0,0,0,0,0,0,0,0.1,0,0,-0.1,0,0,0,0,0,0,0,0,0,0,0,0,0,0,0,-0.1,-0.1,0,0.1,0,0,0,0,0,0,0,0,0,0,0,0,0,0,0,0,0,0,0,0.1,0,0,0,0,0,0,0,0,0,0,0,0,0,0,0,0,0,0,0,0,0,0,0,0.1,0,0,0,0,0,0,0,0,0,0,0.1,0.2,-0.1,0.2,-0.4,0.4,-0.6,0,-0.3,0,0,0.8,0.6,0.7,0.7,0.8,0.7,0.6,0.4,0.6,0.4,0.4,0.3,0.6,0.4,0.2,0.4,0.2,0.2,0.2,-0.3,-0.3,-0.1,-0.1,-0.2,-0.3,-1.5,-2.9,-1.7,-2.4,-0.4,-2.3,-1.3,-1.7,-1.3,-1.5,-2,0.8,0.4,0.4,1.1,-2.4,0,-1.3,-1,-0.7,0.5,-0.9,0.5,-1.4,0.2,0.1,-0.1,-0.3,0.2,0.9,0,0.2,1,-0.3,0.5,-2,-1,-1.9,-0.8,-1.5,-1.4,-0.7,-0.2,-0.6,-0.2,0,0.3,0.7,-0.2,-0.2,-0.2,-0.2,-0.2,-0.3,-0.4,0.1,-0.3,-0.3,0.1,0.1,-0.1,-0.9,0.1,-0.4,-1.1,-0.9,-0.8,-0.9,-0.8,-0.7,-0.8,-0.7,-0.4,-0.5,-1.2,0.2,-0.2,-0.2,0.4,0.2,-0.1,0,-0.3,0.4,-0.3,-0.1,0.1,-0.1,-1.2,1.6,-0.9,0.1,0.6,0.1,0.5,0.5,0.4,0,0.3,0.1,-0.1,0,-0.2,0.2,-0.4,0.1,-0.8,-0.5,0.2,-0.9,0.1,-0.1,-0.5,-0.2,-0.3,0,-0.2,0.1,0.2,-0.4,-0.2,-0.1,-0.2,0,-0.2,-0.1,-0.2,0,-0.2,-0.2,0,0.1,-0.9,-0.4,-0.4,-0.6,-1.6,0.1,0.7,-0.7,-0.4,0.9,1.1,0.2,-1,-0.7,-1,-0.9,-0.9,-0.7,0.3,0.3,0.2,-1.3,-0.1,-0.1,-0.2,-0.2,-0.1,0,-0.2,-0.1,-0.8,0.1,-0.2,-1,-1.1,-0.3,0.1,-1.6,0.4,-0.8,-0.9,-1.2,0.1,-0.2,-0.5,-1.4,-0.3,0.5,0.2,1.2,0.5,-0.3,-0.5,-1,1.4,-0.6,-1.9,-4.2,-0.6,0,-1.2,-1,-0.5,-0.5,-0.3,-0.6,-0.1,0.2,0.6,0.4,-0.1,0.2,0.3,0,0.4,0]","[1.6,-0.4,5.8,0.2,1.5,1,2.1,1.9,2.1,1.3,0.9,1,-1.8,7.5,10.3,-0.8,1.7,0.9,1.5,-2.5,-1.9,-0.5,0.3,1.3,1.2,-1.2,0.6,0.4,0.2,-1.1,-0.5,0.7,1,0.6,0.7,0.8,-3.4,2.1,7.7,-2.5,4.4,-1.2,-2.2,-2.1,1.2,0.2,0.8,0.8,-0.6,0.5,0.2,0,-0.7,0.2,0,-0.1,1,0.5,0.9,-1.8,-1.2,-0.9,0.9,0.1,1.2,0.1,-0.1,0.3,-0.3,-0.4,-0.8,0,0.1,-1,-3.2,-0.2,-1.1,1,1,0.7,-0.4,-0.6,-0.6,0.2,-0.4,0.7,-0.5,-0.1,-0.5,-0.7,-0.5,-0.4,-0.1,0.1,0.1,0.3,0.3,-0.1,0.5,0.3,-0.1,0.3,-0.1,-0.7,-1.1,0.5,1.7,0.1,-0.2,-0.4,0,0.3,-0.2,-0.1,-0.9,3,1.3,0.4,0,-0.7,0,1.1,-0.8,0.8,0,0.7,-1.2,0.3,0.4,0.8,0.7,0.9,0,1.1,-1,1.1,-0.2,-0.3,-0.1,0.6,-0.7,0,0,0.6,0.7,0.3,-0.5,-0.4,0.4,-0.2,0.5,-0.7,-1,-0.5,-0.6,-0.4,-0.5,-0.9,-0.2,0.3,-0.2,-0.3,0.5,-0.2,-0.1,-0.5,-0.2,1,0.1,0.3,0.3,0.3,-0.8,-0.6,-1.4,-0.8,-0.6,0.3,-0.2,0,-0.1,-0.2,0.1,-0.8,0.1,-0.4,0,-0.5,0.3,-0.1,-0.8,0,0.3,0.2,-0.2,-0.3,-0.6,-0.6,0.1,-0.5,-0.1,-0.3,0.1,-0.1,-0.1,0.4,-0.7,0.4,-0.1,-0.7,-0.4,0.3,-0.3,-0.2,0.3,0.1,0.2,-0.1,0.3,0.2,0.1,-0.8,0.1,-0.7,0.4,0.4,0.3,0.3,0.2,-1.4,1.3,-0.5,0,0.6,-0.4,-1.3,0.9,0.5,0.7,0.1,0,0,-0.3,-0.2,-1.2,-0.7,-1.3,0.5,0.4,0.2,0.7,0.1,0.3,0.2,0.4,0.3,0.1,0.3,0.7,0.9,0.1,-0.5,-0.3,-0.3,-0.1,0.4,0.4,-0.3,-0.4,0.3,0.3,0,0.1,-0.3,0.3,0.3,-0.2,0,-0.4,0.6,1,0.3,0.1,-0.2,-0.2,-0.6,0,0.2,0.1,-0.4,0.8,0.3,-0.2,0.8,-0.4,-0.3,-0.2,0,-0.6,-0.1,-0.1,0,0.3,1.2,1.1,-0.3,1,0.4,-1,-0.4,0.7,-1,0.5,-0.5,-1,0.3,-0.3,0.3,1.4,1.9,-0.3,2.5,1.3,-0.4,0.2,0.1,1.5,0.5,0.6,0.2,0.1,0.4,0.8,0.1,0.1,-0.6,1,-0.6,0.5,-0.1,-0.5,0.7,-0.1,-1.6,0.7,0.6,-0.1,-0.4,-1.6,-0.1,1.4,1.3,-0.4,-1,-0.7,0,0.8,0.1,-0.5,-0.9,1,0.1,-1.4,-0.5,-0.3,0.5,1.2,0.2,-0.2,0.8,-0.1,0.2,1.2,-0.5,-1.1,-0.5,1.1,1.5,0.5,-0.4,-0.5,-0.3,-0.1,-0.8,-0.6,0.5,1.4,1.2,1.4,0.4,-0.1,-0.4,-1.1,-1.1,-0.6,0,1.1,0.1,-0.8,-0.1,1.9,-1.2,0.2,0.3,0.3,-0.1,0.7,-0.2,0.2,-0.3,1.2,0.4,0.2,-0.4,0.3,0.4,0.9,0,0.2,-0.8,-0.1,-0.5,-1.2,-0.3,0.4,-0.1,0.1,-0.1,-0.3,0.2,-0.3,-0.3,0.8,0.5,0,-0.2,-0.3,-0.8,-0.2,0.2,0,0.3,0.2,1.7,0.6,-0.2,0.9,0,-0.1,0.2,0.2,-0.3,0.5,2,0,0,0,-0.1,-0.4,0.3,0.1,0.1,-0.2,-0.1,-0.6,-0.3,0.2,-0.3,-0.4,0.4,0.2,0.2,1,0.7,0.6,0.3,0.2,0,0.2,0,0.3,-0.1,-0.2,-0.2,-0.1,0.3,0.5,0.4,0,0.5,0,0.2,0,0.1,-0.2,0,0.3,-0.1,-0.5,-0.3,0.1,-0.1,0,0,0,0,-0.1,0,-0.2,-0.1,0,0,-0.1,0.2,0,-0.5,0,-0.1,-0.4,0,-0.1,-0.2,-0.1,-0.1,0,0,0.1,0,0,0,0,0,0,0,0,0,0,0,-0.1,0,0,-0.1,0,0,0,0,0,0,-0.1,0.1,-0.1,0,0,0,0,0,0,0,0,0,0,0,0,0,0,0,0,-0.1,0,0,0,0,0.1,0,0,0,0,0,0.1,0,0,0,0,0,0.1,0,-0.1,0,0,-0.1,0,0.1,0,0,0,0,0,0,0.1,0,0,0.1,-0.1,0.1,-0.1,-0.1,0,0.1,0.1,0,0,0,0,0,0.1,0,0,0.1,0,0,0.1,-0.1,0.1,0.1,0,-0.1,0.1,0.1,-0.1,0,0,0,0,0.1,0,0,0,0,0,0,0.1,-0.1,0,0.1,0,0,0.1,-0.1,0,0,0,-0.1,0,0,-0.1,0,0,0,0,0,0,-0.1,0,0,0,0,0.1,0,0,0.1,0,-0.1,0,0,0,0,0.1,-0.1,0,0,-0.1,-0.1,0,0.1,-0.5,-0.8,-0.3,2,0.8,-0.1,-0.1,-0.6,-0.2,-0.3,-0.4,-0.4,-0.2,-0.3,-0.1,-0.2,-0.1,0.1,-0.2,0,-0.3,0.3,0.1,-0.2,0.4,0.2,0.3,0,0.1,0.2,0,-0.7,1.8,0.9,0,1.3,0,-0.1,-0.8,-0.9,0.4,1.6,5.4,-3.4,-0.7,-0.7,1.5,-2.1,2.1,0.8,-0.9,-1.8,0.6,0.4,0.2,0.9,0.7,-0.3,-0.2,0,-1.6,-1,0.2,-0.3,2.3,-0.4,-0.8,1.2,-0.2,0.1,1,0.8,0.7,0.5,0.4,1,0.7,0.1,-0.6,-1.2,-1.6,0.9,0.9,0.9,0.2,0.2,0.4,0,0.5,-0.5,-1.2,0.4,0.7,0,-0.7,1.2,-0.1,0,0,0.2,0.6,0,0.3,0.5,-0.2,-0.1,0.3,-0.4,0.2,0.1,-0.4,-0.3,0.2,0.6,0.8,1,0.2,-0.5,1.4,3.9,-0.2,-0.6,1.1,-0.1,-0.1,0,-0.5,-0.4,-1,-1.7,1,0,0.2,-1.2,-3,1.3,-0.5,0.9,2,-0.5,2.1,-0.5,-1.4,0.4,0.2,-0.2,-0.5,-0.1,1.2,-1.6,-0.4,-0.4,0.3,0,0.3,-1,-0.7,0.2,-0.8,1,0.1,0.9,0.2,0.1,-1.3,-0.2,-0.3,2.8,-6.1,-4.1,1.8,-3.2,0.1,-1,0.8,0.9,-0.9,-1.4,0.5,-0.4,-0.2,-0.1,-0.4,0,-0.5,0.2,-0.1,0.5,0.2,0.1,0.4,0.3,-0.7,0.3,-0.7,0.4,0.7,-0.6,0.4,0.3,0,-0.5,-2.4,-0.7,0.3,-0.2,1.2,-1,2.3,-0.5,-1.7,-0.1,-0.6,4,-1.4,0.9,0.8,-0.1,2,0.8,-1.2,-0.5,-1,0.8,0.6,1.9,0.5,0.5,-0.2,1.2,-0.1,-0.1,-1.1,-0.3,0.5,-0.5,-0.2,-0.3,0,-0.6]","[20.3,-57.4,-7.2,-4.2,61.9,65.5,18,-2.6,26.4,-4.2,6.3,-31.4,-102.1,2.2,9.2,5.3,5.7,-29,120.4,2.5,3.6,-29.8,-9.3,4.2,14.7,-7.2,22.3,-7.1,8.4,-12.6,-11.7,-10.4,-3.1,-17.4,21.4,9.5,-71,-3.5,128.5,35.2,-86.4,42.1,-24.9,8.7,-47.3,16.9,-12.5,-14.8,-5.5,0.2,0.4,1.5,-4.9,0.4,-0.3,-2.3,2.8,2.6,10.3,-3,-7.5,-5.7,-2.1,3.6,4,0.4,1.5,2.1,0.4,-4,-3.2,1.3,-1.9,12.6,-4.2,3.6,-4.2,-0.2,6.7,2.3,4.6,5.7,-1.1,5.9,-2,4.4,-2.1,3.6,0.1,-4.5,-1.6,-5.5,2.5,3.3,-1,0.3,2.3,0.6,2.5,-3.9,-5.4,4.9,3.6,-1.6,-13.4,-0.2,10.8,1.9,0.1,-2.6,-0.2,2.4,0.3,-1.3,-7.3,-12.4,4.4,7.4,-2.8,-6.4,3.4,2.2,-4.8,0,7.1,6.3,-2.7,-3,-2.1,0.9,3.4,0,-1.7,5.3,-7.7,-3.6,-1.6,6.5,0.8,7.9,-7,-1.2,-2,0.1,-1,0.6,2.9,9,-0.3,-6.1,-4.4,-2,-2.4,-5.7,4.1,-2,-2.1,-11.3,-6.5,2,0.2,4.1,-0.1,0.7,-4.9,-2.8,2.7,2.7,4.2,6.1,-3.5,-4,-3.5,-5.6,-8.1,6.2,-3,-1,-1.1,-0.1,1.1,-0.3,-4.1,-3.7,-0.3,0,-2.9,-2.2,-0.8,-4.8,4.7,0.8,-1.8,1.4,-2.3,-0.5,6,-3.6,-0.5,-3,-3.1,1,2.2,1.5,-4.6,8.6,-2,1,0.6,-5.7,-0.6,0.6,2.4,-5.4,4,-1.8,2.7,-1.7,1.3,-0.4,-0.5,1.8,4.2,-3.1,-0.8,1.2,1.1,2.7,1.4,12.5,-5.3,0.7,7,4.7,-3.2,7.6,-1.8,2.8,-1.8,1.7,-1.9,1.4,3.9,-4.9,0.1,10.8,-3.8,3.4,7.1,-2.3,1.1,2.6,3.1,0.2,2.1,1.6,-2.9,3.1,-1.5,2.4,0.5,-3.8,-0.8,-2.8,-1.4,0.3,4.4,-1.6,-3,-2.7,3.5,-0.5,-0.3,0.5,1.4,-0.1,-0.9,-1.5,-3.1,-1,4.6,1.8,0.1,1,-0.4,-2.5,1.6,-1.8,-1,-1.7,1.1,3.4,-1.2,1.3,1.4,-3.3,-2.4,0.3,-4,-0.4,0.5,-1.1,3.7,6.2,0.8,6.4,-5.3,-2.4,-3.6,-6.6,0.7,1.2,-3.4,3.1,-1.1,-6.9,-2.5,-2.9,-1.6,4.9,-5.6,22,-35.7,7.8,-21.3,-15.8,-4.1,-1.1,5,13.9,-0.5,-7.4,11.5,-4.9,-1.4,-0.6,0.6,4.3,-0.1,1.4,-9.9,14.9,-3.1,-7.8,7.3,2,0.1,3.4,-8.6,-25,8.5,-11.2,3.4,-3.5,-1.1,-3.1,-3.2,-1.9,-7,-2,5.2,0.3,-5.6,35.2,-28.6,12.4,14.3,8.6,16.8,0.3,4.3,-2.2,3.3,-2.4,-1.9,4.5,15.6,-8.5,0.2,-6.4,-4.7,2.3,6.7,2.8,-5.3,-1.4,4.8,-3.2,-0.3,-11,1.3,-0.8,-1.3,-1.9,0.8,10.9,5.7,1,6.6,-7.1,9.8,7.1,3.5,0.1,9.2,11.3,2.4,4.9,-2.5,7.3,1.2,-7.4,-3,-13,-14.2,-3.3,-0.6,0.8,-8.1,8.3,-9.7,-0.5,1.6,-4.2,-0.4,-5.1,5.9,-2.6,2.4,1.8,2.4,-2.2,5.1,1.1,1,-2.6,2,5.3,0.2,3.9,-3.1,7.7,20.6,1.2,1.4,-18,-10.2,-0.2,3.3,0.3,-4.7,6.4,-9.3,5.6,-2.9,0,0.6,-1.4,2.8,1,2.1,1.3,0.5,-1,0.5,0.9,2.2,-1.4,-0.6,5.7,4.9,-3.7,6.7,6.3,3.7,-2.2,4.6,-2,1.8,-0.3,-0.3,1.5,-1.1,-0.7,-1.1,-1.9,-2.2,0,1.1,1.5,2.4,-0.1,1.1,0.7,0.2,-2,-5.8,2.5,0.3,-0.7,-0.8,0.5,0.3,0.9,-0.7,0.8,0.8,0.2,-0.6,-0.5,0.7,-0.5,0.8,-0.9,1.8,2.6,-0.2,-0.3,0.3,0.2,-0.3,-1,0.3,0,-0.5,0.1,0.2,-0.1,-0.4,0.3,0.1,0,0.4,0.3,-0.3,-0.4,0.5,0.1,-0.1,0.2,0.3,-0.4,0.4,0.2,-0.3,0.2,0.5,-0.1,-0.1,0.4,-0.4,-0.1,0.3,-0.4,0,0,0.1,-0.2,-0.2,0,-0.3,0.1,0.2,-0.2,-0.4,0.4,0.1,-0.7,0.1,0.1,-0.1,-0.1,0.2,-0.1,-0.1,0.4,-0.3,0,0.1,0.3,0,0.4,0.3,-0.4,0.2,0.3,-0.5,0.3,0.4,-0.2,0.1,0,-0.3,-0.1,0.1,-0.2,0.1,0.1,0.4,-0.1,-0.2,0.3,-0.6,0.5,-0.4,-0.5,-0.3,-0.5,0.6,-0.3,0.2,-0.1,-0.3,-0.2,0.4,-0.1,-0.1,0.5,0.2,-0.4,1.3,-0.2,-0.2,0.8,0,-0.4,0.3,0.6,-0.9,0.2,0.6,-0.2,0,0.5,0.3,-0.6,0.5,0.3,-0.4,0.2,0.1,-0.1,0,0.6,-0.1,-0.6,1.1,-0.2,-0.3,0.6,-0.5,-0.5,0.1,0.1,-0.5,-0.1,0,-0.1,0,0.2,-0.6,0,0,0.5,-0.4,-0.3,1,-0.8,-0.2,-0.3,-0.2,-0.4,0.5,0.2,-0.1,0.4,0.2,-0.5,0.1,0.5,-1.2,-0.6,-1.7,3.2,-1,7,8.3,0.2,8.7,1.4,1.4,-1.3,-0.3,0.9,0.6,2.3,0.6,-0.8,-0.7,-2.6,-0.5,2.6,1.4,-2,-3.4,4.1,2.9,2.1,7.5,2.6,-1.3,-1.3,-2.5,0.6,-3.5,0.3,-9.4,0.6,14,1,0.8,5.9,-8.3,-0.3,21.4,27.7,114.8,19,-28.6,-31.6,-64.4,70.9,-6.9,-91.6,18.4,15.3,7.3,2.9,-5.6,23.8,-10.3,9.7,-5.9,-3.5,-0.9,-2.1,6.3,1.1,24.8,-46,30.9,-7.8,6.2,1.5,5.8,6.7,-2.5,6.3,-6.6,3.8,2.9,4.2,1.8,-9.1,-19.3,-8.5,1.4,1.8,1.6,-5.8,6.4,1.9,7.3,8.8,-9,0.2,4.1,-0.3,-6.9,1.8,2.9,11.6,4.5,-1.5,-0.7,4.5,0,-1.1,-1.1,-0.5,-7.4,0.8,18.1,6.7,3.2,-7.7,-3.8,3.2,0.6,1.2,6.2,-5.5,5.6,33.2,7.6,24.2,4.4,-27.3,17.1,-1.2,-1.8,10,-10.5,-12.3,7.7,1.1,1.4,-8.2,-7.7,-11,-11.8,-2.6,2.9,8.3,6.1,3.6,-7.3,5.7,-2.2,-0.3,-8.4,-1.1,8.2,-17.1,7.7,-5,4.5,-0.3,1.2,-0.7,-2.4,6.6,3.6,2.5,-0.7,-2,2,0.7,3.3,16.9,20,138.4,84.1,-124.3,-52,-11.2,62.1,-82,14.8,29.3,99.1,26.2,45.8,-27.2,30.2,-11.1,-27.6,11.4,-17.2,24.9,-36.4,-4.7,-8.8,0.7,2.9,-4.1,1.9,6.6,-2.1,-19,-3,6.2,-31.9,-18,-69.1,113.7,-44.3,-1.1,-10.2,-15.6,32.9,-27.5,53.1,-13.9,-19.5,61.9,-61.1,22,-34.3,-37.7,-35.6,-11.9,-54.9,12.5,10.4,35.7,-41.9,49.1,-4.9,15.2,4.9,-8.6,2.4,10.9,-6.9,-16.3,9.1,-2,20.4,-8.9,-15.6,7.9,-12,5.3]","[-24.4,54.8,-72.7,-19,-45.8,26.7,14.8,-8.2,-13.1,-40,-11.2,-16.5,-60.4,-111.2,50.5,23.9,-4.5,66.9,50.7,73.6,3.6,19.7,-25.8,-14.5,-11,15.2,-4.9,-15.1,-5,8.8,-16.2,3,0.1,-2,0.9,15.6,45.3,-78.3,-93.7,42.6,-68.4,93.3,82.1,-29.4,-107.1,22.2,-16.5,-21.3,-7,0.1,-0.6,1.1,-2.2,-0.5,-2.7,-2.9,1.7,-1,3.6,12.1,-3.2,-4,-3.1,1.8,1.1,1.3,-2.6,4.7,3.9,-2.2,-4,-0.7,-2.4,13.4,6.9,13.6,-7.9,-3,1.7,2.5,4.2,11.3,4.5,9.5,1,6.7,0.3,3.2,4.9,11,4.8,0.2,6.1,3.1,0.2,0.5,4.5,-0.2,1.2,-4.4,-1.7,8.7,2.9,-2.1,-14.1,-0.1,11.2,2.9,-0.2,-2.5,-0.2,1.6,2.4,0.1,3.7,-45,-3.7,25.7,-3.3,-5.7,5.8,0.2,-1.4,-6,21.8,1.8,3.6,-6.2,-2.8,0.2,2.5,1.5,-2.7,5,-9.3,-9.6,-0.4,7,-0.4,8.6,-7.8,-1.5,0.2,-2.3,-11.3,7.9,0.6,-7.1,-6.4,-4.7,-2.9,-4.7,0.5,-2.7,7.5,-0.2,-5,-1.8,-0.6,6.4,-4.8,0.8,-0.6,-0.9,-2.5,-3.1,1.1,1.5,-0.8,-3.1,0.1,-2.9,-0.2,-5.3,1.3,13.1,-6.6,-2.1,-0.2,-0.3,3.7,-3.6,-2.8,3.5,-7.8,-1.9,-2.8,2.3,-1.2,-4.2,9.1,1.2,1.8,-3.2,0.5,0.8,3.6,1.4,5.6,-1.4,-7.2,-1.3,5.4,-0.4,0.5,9.4,-0.2,1.6,-2.5,-3.1,1.7,-1.4,-1.5,-5.4,-2.5,-2.1,-0.3,-6.1,5.1,-0.7,0.3,0.6,4.5,-0.2,1.8,-2,-3.5,-1.5,-4,19.5,4.2,3.6,-3,-1.1,13,12.1,-13.4,-0.8,-6.7,-1.3,-6.4,0.4,-0.8,-0.9,6.2,1,1.2,2,12.3,-4.5,0.8,1,5.4,0.5,-1,-1.6,-2.4,2.9,-1.8,-2,-1.5,-1.8,-1.7,-0.5,-0.3,-2.7,3.3,-3.5,-1.2,-0.1,2.6,-1.1,-1.2,-0.5,-1.3,1.7,0.1,-1.7,-4,-2.1,3.7,1.9,-1.5,0.1,1.9,1.2,1.8,-3.4,2.3,-2.3,-1.5,2,-3.2,1.7,1.4,-0.5,5.1,3.8,-2.8,4.3,2.7,-1,0.2,5.7,-1.5,1,-11,2.4,-2,-3.8,5.9,-4.2,1.9,11,-1.4,48.5,11.5,-2.4,-4.1,4.6,21.6,-88.5,-23.2,0.9,-13.8,4.8,1.5,-6.5,-2.8,12.8,-2.7,-5.4,6.4,-4.7,0.3,0.8,4.4,-6.2,-3.2,-3,-17.4,22.8,2,4.3,10.1,-0.9,-12.4,-1.7,-1.7,-8.8,52.4,-8.6,-2.3,-4.1,-0.8,0.8,-9.8,-2.6,-38.8,-15.9,-8.5,-5.4,-14.5,132.5,-53.4,6.9,-6.4,15.1,20.7,-1.1,8.4,-6.9,-3.2,-2.9,9.2,8.9,-8.9,-23.1,8.6,-9.1,-8.6,2.4,12.8,11.4,-1.6,-5.5,-3.8,-6.5,-3.7,-35,-6.7,0.9,5.3,10.3,14.5,18.1,4.1,0.1,-4,-9.9,6.1,17.1,5.7,2.1,11.1,12.1,-3.7,1.7,-1.6,19,-4,-22.1,-2.1,-8.5,-16.8,-6.5,-4.1,1.8,-11.7,21.1,-9.6,0.9,5.2,-8.2,-1.4,-2,7.3,-5.5,5.4,0.9,2.1,-3.2,7.5,2.3,-0.1,-1.5,0.2,3.7,-9.7,13.5,4.4,1.7,12.8,-10.2,-0.3,-11.9,-14,1.7,7.3,1.1,-1.9,9.6,-28.2,5.3,-0.8,-1.6,-1.2,1.7,5.6,-1.9,0.6,0.4,1.4,-0.6,3.6,3.1,0.6,-0.2,-0.5,2.5,-4.4,-3.3,1.6,2,-3.4,2.1,6.3,3.7,5.3,3.6,3.8,1.7,0.2,-1.3,-0.7,-3.4,1,0.3,-0.6,0.2,0.6,-1.3,0.4,0.5,4,-1.2,-7.3,0.7,2.7,-0.7,-3.2,-0.4,0.4,0.2,-0.7,0.4,-0.2,0.2,-0.3,0.6,0.4,-0.6,0.5,-0.7,0.2,2.4,-2,0.7,0.6,1.1,1.5,-0.2,0.1,0.1,-0.8,0.4,0.5,-0.5,-0.2,0.6,0.2,0,0.3,0.3,-0.5,0,-0.2,0.2,0.2,-0.1,0.5,-0.2,-0.1,0.3,-0.7,0.1,0.2,0.1,0.3,0,-0.5,0.3,0.1,-0.1,-0.1,0.2,0.1,-0.5,0.3,0.3,-0.4,0.6,-0.1,-0.7,-0.5,-0.1,0.2,-0.6,0,0,-0.5,0.3,-0.2,-0.2,0.5,0.2,-0.4,0,-0.3,0.3,0.2,0,-0.1,-0.5,-0.2,-0.4,-0.8,0.9,-0.4,0,0.4,0.1,0.9,-0.3,0.2,-0.2,-0.6,0.1,0.1,-0.4,0,0.1,-0.4,-0.2,0.9,0.9,0.2,0.7,1,-0.3,0.3,-0.1,-0.7,0.6,0.1,0,0.4,0.4,-0.4,-0.1,0.6,0.1,0,0.5,0.2,-0.6,0.5,0.2,-1,0,0.2,0.3,-0.2,-0.2,0.2,-0.7,0.2,0.3,-0.9,0.4,0.1,-0.3,-0.2,0.2,0.4,0.5,0.6,-0.3,-1.2,0.4,0.3,-0.9,0.2,0.4,-0.5,0.6,0.7,0.2,0.1,0.9,0.1,-0.5,0.4,0.2,-0.4,0.3,-0.2,-0.1,-0.2,-0.2,0.2,-0.4,-0.1,0.3,-0.1,0.1,0.4,-0.9,0.2,0.1,1.6,3.9,-4.6,-2.3,-9.8,7.1,8.7,15.9,13.3,2.3,2.9,-2,1.4,0.3,0.1,2.2,1.4,-0.9,-0.6,-0.2,1.2,2.7,2.1,-3.4,-2.6,6.2,1.1,1.3,5.9,4.7,2.3,8.2,-2.4,3.6,-0.6,8.3,-5.7,15.3,19.4,4.3,2.9,-4.1,16.3,41.8,7.3,-19.5,-91.4,60.6,39.9,-32.8,18.6,-30,-89.3,-173,103.3,69,17.1,8.7,-10.5,66.9,-13.8,22.7,-7.1,-5.4,3.6,20,-11.1,11.4,13.1,-51.5,67.1,-18.6,-1.6,-5.2,8.8,6,-6.3,5.3,-10.7,3.7,-1.5,4.9,6.9,-3.1,-8.4,-13.1,0.8,5,-0.7,0.6,2.2,-2.1,17,6.8,-10.8,4.7,1.2,-5.1,-9,-7.6,20.5,18.6,0.2,-6.6,-4.2,7.8,-1.8,-3.1,-0.3,2.2,-6.5,0,15,15.5,1.7,-2.2,-3.1,-2.6,-4.3,-5.4,11.4,-12.1,-3,14.8,11.6,-0.2,12.8,-37.9,30.6,-0.1,-5.3,3.4,5.1,-2,-3.4,9.2,-0.1,-3,6.6,-21.7,-14.2,-10.1,0,-0.4,3.2,4.8,2.7,-0.4,-1.6,0.9,-1.6,-0.6,3.3,-2.7,37.4,-19.4,-6.8,0.5,-0.7,2.8,2.3,-0.5,7,-1.4,4.5,-5.6,-3.4,1.9,5.5,22.8,24.9,106.7,-25.6,-139.2,-99.5,32.1,4.5,99.7,20.5,-14.2,-92.3,-5.5,6.9,26,-1.6,2.4,-12.6,2.5,-11.3,22.3,-24.4,7.3,0.1,17.3,10.4,-7,1.9,-3.7,-3.7,5.9,11.5,11.1,81.4,76,32.8,-75.8,-70.6,14,44.2,4.7,39,-15.6,2.4,-10.8,-6.4,-24.6,13.4,-8.2,-6.6,5.2,2.6,-15,-40.8,-20.7,-27.2,22.2,29.3,-37,25,-30.7,-5.2,19.4,2.7,8.4,12.1,-8.4,6.5,-1,-17.3,3.5,-4.6,-0.6,16.1,-2.9]","[-16.9,-59.9,45.7,35.7,63.7,6.7,-6.2,6.6,-2.1,-16.3,-23.8,4.3,94.9,60.6,-20.2,128.5,18.3,-35.6,-63.8,-24.6,23.8,11.9,13.2,-3,-18.2,1.8,-5.6,-2.8,40.9,24.4,0.9,-0.9,9.3,0.6,1.6,5.3,-9.5,-8.6,23.3,-35.2,29.7,52.5,20.6,-72.6,-0.1,14.3,4.8,3.8,-0.8,0.8,-4.8,-0.8,0.4,0.4,-1.2,0.6,-0.4,-2,-1.6,1.1,0.6,0.8,-1.3,-4.9,0.8,-0.7,-4.8,0.2,-2.1,3.5,-3.4,0,-1.4,-0.8,0.6,-0.9,3.5,0.3,-1.9,0.2,0.4,-1.1,2.2,-1.5,-0.9,-0.6,-1.3,6.4,-1.6,-5.9,0.4,1.4,1.3,1.5,-1.5,0.4,-0.5,0,-1.5,-2,-1.1,2.4,-1.7,1,-1.8,-1.3,0.8,-0.7,1.2,-1.2,-1.3,-0.2,-1.1,0.1,2.3,6.3,-15.7,5.3,-3,1.7,1.5,-1.2,-1.8,0.1,-3.1,1.8,-2.3,6,-3,3.3,0,-1,-1.8,0.8,3.5,1.3,-1,-0.1,0.4,0.7,0.4,1.7,2.4,1.1,-2.2,-6.2,-0.8,6.3,17.6,-5,-22,-6.2,1,-3.2,-7.3,2.5,-6.4,10,-2.9,-4.9,4.2,6,-2.9,-1.8,-1.5,-0.9,-0.7,1.4,-9.7,4.3,7.1,-3.9,13.7,-2.7,5,-1.7,4.5,-4.7,-1.5,1.9,-3.8,3.3,0.4,-7,8.6,-4.8,3.9,-1.7,2.1,-0.4,-5.9,3,-2,1.7,-0.3,4.1,-0.4,3.4,-4.2,-1.1,-1.1,-2.7,-3.9,0,-3.9,-2.4,4.9,-2.8,0.6,2.8,2.8,-1.4,1.2,0.3,0.2,0.3,2.6,-3.4,-2.6,-0.4,4,0.3,2.6,-2.3,5.6,1.9,-0.2,1.1,1.9,-30.5,9.2,-0.5,-1.9,-0.2,1,-20.3,11.7,-8.1,6.4,-1.2,-0.1,-1.6,-1.1,-1,-1.9,-13.9,-2.4,1.1,1.2,3.3,-0.6,-1.4,0.2,-1.1,3.6,-0.1,-0.7,1.5,-1.6,5,1.5,0.9,3.7,-2,-0.4,1.8,-0.7,-0.5,-0.9,2.3,-0.8,-0.8,0.2,0.9,-0.6,-0.6,0,-0.1,0,0.9,-1,-1,-0.3,3.8,-0.5,-1.2,0,1.5,0.2,-0.4,1.5,0,0.5,0.4,-1.1,-1.1,0.7,2,2,-1.5,-0.2,1.6,2.2,-0.6,-0.5,1.3,-2.9,3.1,-3.9,4.7,1.1,-2.1,0.5,16.9,-0.2,-39.7,-28.3,0.1,-3.2,5.3,25,27.9,9,15.4,32.4,3.6,-0.3,4,-10.2,2.6,-0.4,-2.2,-3.6,-9.2,-10.6,-2,15.6,-6.5,4.1,14.8,13.4,-11.8,-11.1,-2.9,-16.5,2.5,4.3,-4.7,0.7,-1.2,-1.9,7.1,1.8,-4.1,-2.2,-5.1,4.5,-0.5,3.7,-9.8,7.7,12.5,22.3,0.5,-2.7,-10.9,2.4,9.8,-8.6,6.2,-5.9,2.9,-3.3,-0.3,-2.1,-4.1,-15.7,8.2,1.7,2.2,1.5,2.5,0.9,0.5,-0.3,0.4,0.9,0.1,-3.1,1.8,-14.3,1.8,0.7,0.3,-3.8,-4.5,-1,-2,-12.3,-2.3,4.3,0.3,0.9,-2.3,-1.3,-0.2,0.5,1.8,0.5,-14.2,3.8,11.9,-1,2.4,6.6,-2.2,0.8,-1.1,3.1,-1.2,1,-1.5,-3,3.8,0.6,0.4,-2.6,1.5,-3,0,1.5,-1.2,-2,-2.2,-0.1,3.5,-0.5,-7.4,9.2,-7.1,-2.7,-2.2,1,11.3,-1.3,5.4,-9.8,-3.1,-2,-4.1,4.1,-11,17.3,0.6,-10.2,4.6,-0.4,-1,-0.6,2.4,-1.9,3.2,-0.4,0.7,-2.5,-3.8,-0.9,-0.1,1.4,-9.7,4.3,5.5,-3.5,-5.2,6.4,-0.1,-2,0.5,-3.6,-3.3,1,0.6,-3.5,-0.1,0.4,-2.7,0.9,-0.8,0.7,4.6,-1.4,-2,0,-0.1,-1.8,-0.6,-1.8,0.8,-4.1,1.2,1.2,-0.9,0.8,0.3,1.2,-0.7,-0.4,-0.3,-1,-0.4,-0.3,-0.1,0,1,-2.9,-1.7,2.8,-1.3,-0.8,-2.3,-0.4,0.9,0.7,-0.1,-0.4,-0.3,0.3,-0.3,0.1,-0.2,-0.1,-0.1,0,-0.2,-0.2,0.4,0.4,0.1,-0.1,0,-0.1,-0.1,0.2,-0.2,-0.3,0,0.2,-0.2,-0.1,0,0.1,0.1,0.1,-0.1,0,0.1,0.3,-0.1,0.1,0,-0.2,0.1,0.1,-0.1,-0.1,0,-0.3,-0.2,0.5,0.1,-0.1,0,0,-0.2,-0.1,0.1,-0.1,-0.1,0.4,0,0,0.2,0,-0.3,0.1,0,0,0.1,0.3,0,0.1,0.1,0.1,0.1,0.3,0.1,0.3,0,0.2,-0.3,0.1,0,-0.4,0.3,-0.5,-2,0.6,-0.2,0.9,0,0.1,0.3,0.2,0.1,0,0.1,0.3,0.2,-0.2,-0.7,-0.1,0,-1.1,1.6,0.6,0,-0.6,-0.2,-0.4,-0.1,-0.1,-0.3,0.3,0.3,-0.5,-0.1,0.3,0,0.1,0.2,0.3,0,0,0.7,-0.6,-0.6,-0.4,0,-0.4,0.4,0.1,0.1,0.2,-0.1,-0.6,0.2,0.4,-0.3,0,0,-0.3,-0.1,-0.1,0,-0.3,0,0.5,-0.4,0.4,0.4,0.3,0.1,0.2,0.1,0,0.1,0,0,0,0.5,-0.3,-1.9,2.2,25.8,6.6,-21.8,7.1,-0.9,-19.8,-4.3,-4.6,1.6,-3.1,1.6,0,0,0.1,-0.5,0.2,0.7,-0.4,-0.2,-7.1,-6.9,-0.4,-6.8,0.8,3.3,-6.1,1.5,-2.1,-1.4,4.8,2.5,-9.5,-30.9,6.9,-6.6,-23.5,1.3,-14.6,-16.2,-42,43.2,13.5,-2.4,-33.4,2.4,73,98.4,-46.8,-66.6,140.3,-8.9,-35.8,-37.9,57.4,23.9,37.7,22.1,5.3,-7.6,2.2,2.7,-0.1,2.2,3.6,7.2,2.6,18.4,-8.1,7.7,5.6,8.2,-1.4,1.5,5.5,-3.3,3.7,-0.1,2.6,1.2,-0.4,2,5.4,3,0.9,-0.9,1.6,1.4,-1.7,3.3,-4.9,2.1,2.9,-0.5,0.8,2.4,1.9,-1,3.6,-0.3,6.2,0.9,3,0.8,-2.2,1.1,3.6,1.2,4.2,-7.7,3.9,-7.8,6.6,-1.1,0.6,7.2,-7,9.3,-4.3,4.6,-5.1,-2.6,-4.4,17.3,-6,29.9,-10.8,6.4,3.6,1,1.6,1.8,2.7,-1.3,1.1,3.2,2.3,9.9,-2.1,5.5,0.5,-0.8,1.6,-0.2,4.3,-0.7,0.2,0.8,0.1,1.7,0.3,0.7,1.3,2.2,4.5,1.7,0.5,2.3,-0.8,2.6,3,1.8,-0.1,3.5,2.1,0.1,-0.4,-20.6,-19.9,-6.4,-40.4,-14.9,36.1,59.2,-33,-40.7,-65.8,-49.2,12.4,-69.6,18.1,34.1,-3.9,3,-4.9,-7.1,-14.3,-2.1,20.2,9.5,1,7.8,3.8,9.7,8,4.6,2.7,8.5,-8.7,1,52.1,59.7,55.6,4.7,-12.6,2.2,7.7,-3.6,3.5,9.6,16,-15.1,7.3,-6.7,23.8,52.5,1.2,-6.4,9,-14.1,4.8,-12.7,-37.6,-118.3,33.2,-23.8,19.3,-17.6,9,11.1,2.2,2.8,2,2.5,2.7,-0.5,-1.1,1.3,3.1,2,0.9,5.3]"