"Time","latitude","longitude"
2026-02-02 14:37:06,,
2026-02-02 14:37:07,,
2026-02-02 14:37:08,,
2026-02-02 14:37:09,,
2026-02-02 14:37:10,,
2026-02-02 14:37:11,,
2026-02-02 14:37:12,,
2026-02-02 14:37:13,,
2026-02-02 14:37:14,,
2026-02-02 14:37:15,,
2026-02-02 14:37:16,,
2026-02-02 14:37:17,,
2026-02-02 14:37:18,,
2026-02-02 14:37:19,,
2026-02-02 14:37:20,,
2026-02-02 14:37:21,,
2026-02-02 14:37:22,,
2026-02-02 14:37:23,,
2026-02-02 14:37:24,,
2026-02-02 14:37:25,48.88785,2.18991
2026-02-02 14:37:26,,
2026-02-02 14:37:27,48.88784,2.18998
2026-02-02 14:37:28,,
2026-02-02 14:37:29,48.88784,2.18997
2026-02-02 14:37:30,,
2026-02-02 14:37:31,48.88783,2.18997
2026-02-02 14:37:32,,
2026-02-02 14:37:33,48.88783,2.18999
2026-02-02 14:37:34,,
2026-02-02 14:37:35,48.88783,2.19000
2026-02-02 14:37:36,,
2026-02-02 14:37:37,48.88782,2.19000
2026-02-02 14:37:38,,
2026-02-02 14:37:39,48.88781,2.19000
2026-02-02 14:37:40,,
2026-02-02 14:37:41,48.88783,2.18999
2026-02-02 14:37:42,,
2026-02-02 14:37:43,48.88782,2.18998
2026-02-02 14:37:44,,
2026-02-02 14:37:45,48.88782,2.18997
2026-02-02 14:37:46,,
2026-02-02 14:37:47,48.88782,2.18998
2026-02-02 14:37:48,,
2026-02-02 14:37:49,48.88781,2.18998
2026-02-02 14:37:50,,
2026-02-02 14:37:51,48.88781,2.18997
2026-02-02 14:37:52,,
2026-02-02 14:37:53,48.88781,2.18996
2026-02-02 14:37:54,48.88781,2.18996
2026-02-02 14:37:55,,
2026-02-02 14:37:56,48.88782,2.18995
2026-02-02 14:37:57,,
2026-02-02 14:37:58,48.88782,2.18995
2026-02-02 14:37:59,,
2026-02-02 14:38:00,48.88783,2.18996
2026-02-02 14:38:01,,
2026-02-02 14:38:02,48.88783,2.18996
2026-02-02 14:38:03,,
2026-02-02 14:38:04,48.88783,2.18996
2026-02-02 14:38:05,,
2026-02-02 14:38:06,48.88783,2.18996
2026-02-02 14:38:07,,
2026-02-02 14:38:08,48.88783,2.18996
2026-02-02 14:38:09,,
2026-02-02 14:38:10,48.88783,2.18997
2026-02-02 14:38:11,,
2026-02-02 14:38:12,48.88784,2.18997
2026-02-02 14:38:13,,
2026-02-02 14:38:14,48.88784,2.18997
2026-02-02 14:38:15,,
2026-02-02 14:38:16,48.88784,2.18997
2026-02-02 14:38:17,,
2026-02-02 14:38:18,,
2026-02-02 14:38:19,48.88783,2.18998
2026-02-02 14:38:20,,
2026-02-02 14:38:21,48.88783,2.18998
2026-02-02 14:38:22,,
2026-02-02 14:38:23,48.88783,2.18999
2026-02-02 14:38:24,,
2026-02-02 14:38:25,48.88783,2.18999
2026-02-02 14:38:26,,
2026-02-02 14:38:27,48.88783,2.18999
2026-02-02 14:38:28,,
2026-02-02 14:38:29,48.88783,2.18999
2026-02-02 14:38:30,,
2026-02-02 14:38:31,48.88783,2.18999
2026-02-02 14:38:32,,
2026-02-02 14:38:33,48.88783,2.18999
2026-02-02 14:38:34,,
2026-02-02 14:38:35,48.88783,2.18998
2026-02-02 14:38:36,,
2026-02-02 14:38:37,48.88783,2.18997
2026-02-02 14:38:38,,
2026-02-02 14:38:39,48.88783,2.18997
2026-02-02 14:38:40,,
2026-02-02 14:38:41,48.88782,2.18997
2026-02-02 14:38:42,,
2026-02-02 14:38:43,48.88782,2.18996
2026-02-02 14:38:44,,
2026-02-02 14:38:45,48.88782,2.18996
2026-02-02 14:38:46,,
2026-02-02 14:38:47,48.88782,2.18995
2026-02-02 14:38:48,,
2026-02-02 14:38:49,48.88783,2.18994
2026-02-02 14:38:50,48.88783,2.18993
2026-02-02 14:38:51,,
2026-02-02 14:38:52,48.88783,2.18992
2026-02-02 14:38:53,,
2026-02-02 14:38:54,48.88783,2.18990
2026-02-02 14:38:55,,
2026-02-02 14:38:56,48.88783,2.18988
2026-02-02 14:38:57,,
2026-02-02 14:38:58,48.88786,2.18987
2026-02-02 14:38:59,,
2026-02-02 14:39:00,48.88786,2.18986
2026-02-02 14:39:01,,
2026-02-02 14:39:02,48.88786,2.18983
2026-02-02 14:39:03,,
2026-02-02 14:39:04,48.88788,2.18980
2026-02-02 14:39:05,,
2026-02-02 14:39:06,48.88790,2.18977
2026-02-02 14:39:07,,
2026-02-02 14:39:08,48.88791,2.18974
2026-02-02 14:39:09,,
2026-02-02 14:39:10,48.88791,2.18972
2026-02-02 14:39:11,,
2026-02-02 14:39:12,,
2026-02-02 14:39:13,48.88790,2.18972
2026-02-02 14:39:14,,
2026-02-02 14:39:15,48.88790,2.18972
2026-02-02 14:39:16,,
2026-02-02 14:39:17,48.88789,2.18972
2026-02-02 14:39:18,,
2026-02-02 14:39:19,48.88791,2.18973
2026-02-02 14:39:20,,
2026-02-02 14:39:21,48.88794,2.18974
2026-02-02 14:39:22,,
2026-02-02 14:39:23,48.88795,2.18975
2026-02-02 14:39:24,,
2026-02-02 14:39:25,48.88797,2.18977
2026-02-02 14:39:26,,
2026-02-02 14:39:27,48.88798,2.18985
2026-02-02 14:39:28,,
2026-02-02 14:39:29,48.88800,2.18994
2026-02-02 14:39:30,,
2026-02-02 14:39:31,48.88800,2.18998
2026-02-02 14:39:32,,
2026-02-02 14:39:33,48.88800,2.18999
2026-02-02 14:39:34,,
2026-02-02 14:39:35,48.88800,2.19000
2026-02-02 14:39:36,,
2026-02-02 14:39:37,48.88802,2.19016
2026-02-02 14:39:38,,
2026-02-02 14:39:39,48.88804,2.19042
2026-02-02 14:39:40,,
2026-02-02 14:39:41,48.88807,2.19079
2026-02-02 14:39:42,,
2026-02-02 14:39:43,48.88810,2.19119
2026-02-02 14:39:44,,
2026-02-02 14:39:45,48.88814,2.19158
2026-02-02 14:39:46,48.88815,2.19175
2026-02-02 14:39:47,,
2026-02-02 14:39:48,48.88817,2.19207
2026-02-02 14:39:49,,
2026-02-02 14:39:50,48.88818,2.19236
2026-02-02 14:39:51,,
2026-02-02 14:39:52,48.88820,2.19262
2026-02-02 14:39:53,,
2026-02-02 14:39:54,48.88821,2.19286
2026-02-02 14:39:55,,
2026-02-02 14:39:56,48.88823,2.19306
2026-02-02 14:39:57,,
2026-02-02 14:39:58,48.88824,2.19315
2026-02-02 14:39:59,,
2026-02-02 14:40:00,48.88825,2.19315
2026-02-02 14:40:01,,
2026-02-02 14:40:02,48.88825,2.19315
2026-02-02 14:40:03,,
2026-02-02 14:40:04,48.88825,2.19315
2026-02-02 14:40:05,,
2026-02-02 14:40:06,48.88826,2.19315
2026-02-02 14:40:07,,
2026-02-02 14:40:08,,
2026-02-02 14:40:09,48.88825,2.19316
2026-02-02 14:40:10,,
2026-02-02 14:40:11,48.88825,2.19317
2026-02-02 14:40:12,,
2026-02-02 14:40:13,48.88825,2.19318
2026-02-02 14:40:14,,
2026-02-02 14:40:15,48.88825,2.19319
2026-02-02 14:40:16,,
2026-02-02 14:40:17,48.88825,2.19320
2026-02-02 14:40:18,,
2026-02-02 14:40:19,48.88825,2.19320
2026-02-02 14:40:20,,
2026-02-02 14:40:21,48.88826,2.19320
2026-02-02 14:40:22,,
2026-02-02 14:40:23,48.88826,2.19321
2026-02-02 14:40:24,,
2026-02-02 14:40:25,48.88826,2.19322
2026-02-02 14:40:26,,
2026-02-02 14:40:27,48.88826,2.19322
2026-02-02 14:40:28,,
2026-02-02 14:40:29,48.88827,2.19321
2026-02-02 14:40:30,,
2026-02-02 14:40:31,48.88828,2.19323
2026-02-02 14:40:32,,
2026-02-02 14:40:33,48.88829,2.19337
2026-02-02 14:40:34,,
2026-02-02 14:40:35,48.88830,2.19357
2026-02-02 14:40:36,,
2026-02-02 14:40:37,48.88830,2.19381
2026-02-02 14:40:38,,
2026-02-02 14:40:39,48.88828,2.19403
2026-02-02 14:40:40,,
2026-02-02 14:40:41,48.88825,2.19429
2026-02-02 14:40:42,48.88823,2.19442
2026-02-02 14:40:43,,
2026-02-02 14:40:44,48.88818,2.19474
2026-02-02 14:40:45,,
2026-02-02 14:40:46,48.88811,2.19507
2026-02-02 14:40:47,,
2026-02-02 14:40:48,48.88805,2.19539
2026-02-02 14:40:49,,
2026-02-02 14:40:50,48.88800,2.19570
2026-02-02 14:40:51,,
2026-02-02 14:40:52,48.88794,2.19601
2026-02-02 14:40:53,,
2026-02-02 14:40:54,48.88788,2.19632
2026-02-02 14:40:55,,
2026-02-02 14:40:56,48.88783,2.19661
2026-02-02 14:40:57,,
2026-02-02 14:40:58,48.88778,2.19688
2026-02-02 14:40:59,,
2026-02-02 14:41:00,48.88773,2.19713
2026-02-02 14:41:01,,
2026-02-02 14:41:02,48.88768,2.19735
2026-02-02 14:41:03,,
2026-02-02 14:41:04,,
2026-02-02 14:41:05,48.88765,2.19753
2026-02-02 14:41:06,,
2026-02-02 14:41:07,48.88763,2.19763
2026-02-02 14:41:08,,
2026-02-02 14:41:09,48.88763,2.19766
2026-02-02 14:41:10,,
2026-02-02 14:41:11,48.88763,2.19764
2026-02-02 14:41:12,,
2026-02-02 14:41:13,48.88763,2.19764
2026-02-02 14:41:14,,
2026-02-02 14:41:15,48.88763,2.19765
2026-02-02 14:41:16,,
2026-02-02 14:41:17,48.88763,2.19766
2026-02-02 14:41:18,,
2026-02-02 14:41:19,48.88763,2.19765
2026-02-02 14:41:20,,
2026-02-02 14:41:21,48.88763,2.19766
2026-02-02 14:41:22,,
2026-02-02 14:41:23,48.88762,2.19766
2026-02-02 14:41:24,,
2026-02-02 14:41:25,,
2026-02-02 14:41:26,48.88762,2.19766
2026-02-02 14:41:27,48.88762,2.19766
2026-02-02 14:41:28,,
2026-02-02 14:41:29,48.88762,2.19767
2026-02-02 14:41:30,,
2026-02-02 14:41:31,48.88763,2.19767
2026-02-02 14:41:32,,
2026-02-02 14:41:33,48.88762,2.19770
2026-02-02 14:41:34,48.88762,2.19773
2026-02-02 14:41:35,,
2026-02-02 14:41:36,48.88760,2.19781
2026-02-02 14:41:37,,
2026-02-02 14:41:38,48.88757,2.19794
2026-02-02 14:41:39,,
2026-02-02 14:41:40,48.88754,2.19808
2026-02-02 14:41:41,,
2026-02-02 14:41:42,48.88749,2.19824
2026-02-02 14:41:43,,
2026-02-02 14:41:44,48.88747,2.19841
2026-02-02 14:41:45,,
2026-02-02 14:41:46,48.88744,2.19855
2026-02-02 14:41:47,,
2026-02-02 14:41:48,48.88742,2.19867
2026-02-02 14:41:49,,
2026-02-02 14:41:50,48.88739,2.19879
2026-02-02 14:41:51,,
2026-02-02 14:41:52,48.88738,2.19887
2026-02-02 14:41:53,,
2026-02-02 14:41:54,,
2026-02-02 14:41:55,48.88739,2.19892
2026-02-02 14:41:56,,
2026-02-02 14:41:57,48.88739,2.19892
2026-02-02 14:41:58,,
2026-02-02 14:41:59,48.88739,2.19893
2026-02-02 14:42:00,,
2026-02-02 14:42:01,48.88739,2.19893
2026-02-02 14:42:02,,
2026-02-02 14:42:03,48.88739,2.19893
2026-02-02 14:42:04,,
2026-02-02 14:42:05,48.88739,2.19893
2026-02-02 14:42:06,,
2026-02-02 14:42:07,48.88739,2.19894
2026-02-02 14:42:08,,
2026-02-02 14:42:09,48.88739,2.19894
2026-02-02 14:42:10,,
2026-02-02 14:42:11,48.88739,2.19894
2026-02-02 14:42:12,,
2026-02-02 14:42:13,48.88738,2.19894
2026-02-02 14:42:14,,
2026-02-02 14:42:15,48.88739,2.19894
2026-02-02 14:42:16,,
2026-02-02 14:42:17,48.88738,2.19894
2026-02-02 14:42:18,,
2026-02-02 14:42:19,48.88738,2.19894
2026-02-02 14:42:20,,
2026-02-02 14:42:21,48.88738,2.19894
2026-02-02 14:42:22,,
2026-02-02 14:42:23,48.88738,2.19893
2026-02-02 14:42:24,,
2026-02-02 14:42:25,48.88739,2.19893
2026-02-02 14:42:26,,
2026-02-02 14:42:27,48.88738,2.19893
2026-02-02 14:42:28,48.88738,2.19893
2026-02-02 14:42:29,,
2026-02-02 14:42:30,48.88738,2.19893
2026-02-02 14:42:31,,
2026-02-02 14:42:32,48.88738,2.19893
2026-02-02 14:42:33,,
2026-02-02 14:42:34,48.88738,2.19893
2026-02-02 14:42:35,,
2026-02-02 14:42:36,48.88738,2.19893
2026-02-02 14:42:37,,
2026-02-02 14:42:38,48.88738,2.19893
2026-02-02 14:42:39,,
2026-02-02 14:42:40,48.88738,2.19893
2026-02-02 14:42:41,,
2026-02-02 14:42:42,48.88739,2.19893
2026-02-02 14:42:43,,
2026-02-02 14:42:44,48.88738,2.19893
2026-02-02 14:42:45,,
2026-02-02 14:42:46,48.88738,2.19893
2026-02-02 14:42:47,,
2026-02-02 14:42:48,48.88739,2.19893
2026-02-02 14:42:49,,
2026-02-02 14:42:50,,
2026-02-02 14:42:51,48.88738,2.19898
2026-02-02 14:42:52,,
2026-02-02 14:42:53,48.88736,2.19910
2026-02-02 14:42:54,,
2026-02-02 14:42:55,48.88734,2.19923
2026-02-02 14:42:56,,
2026-02-02 14:42:57,48.88733,2.19939
2026-02-02 14:42:58,,
2026-02-02 14:42:59,48.88729,2.19957
2026-02-02 14:43:00,,
2026-02-02 14:43:01,48.88725,2.19974
2026-02-02 14:43:02,,
2026-02-02 14:43:03,48.88716,2.19986
2026-02-02 14:43:04,,
2026-02-02 14:43:05,48.88706,2.19995
2026-02-02 14:43:06,,
2026-02-02 14:43:07,48.88699,2.20003
2026-02-02 14:43:08,,
2026-02-02 14:43:09,48.88695,2.20012
2026-02-02 14:43:10,,
2026-02-02 14:43:11,48.88693,2.20021
2026-02-02 14:43:12,,
2026-02-02 14:43:13,48.88694,2.20042
2026-02-02 14:43:14,,
2026-02-02 14:43:15,48.88696,2.20054
2026-02-02 14:43:16,,
2026-02-02 14:43:17,48.88696,2.20064
2026-02-02 14:43:18,,
2026-02-02 14:43:19,48.88693,2.20072
2026-02-02 14:43:20,,
2026-02-02 14:43:21,48.88684,2.20081
2026-02-02 14:43:22,,
2026-02-02 14:43:23,48.88675,2.20092
2026-02-02 14:43:24,48.88669,2.20098
2026-02-02 14:43:25,,
2026-02-02 14:43:26,48.88656,2.20113
2026-02-02 14:43:27,,
2026-02-02 14:43:28,48.88643,2.20128
2026-02-02 14:43:29,,
2026-02-02 14:43:30,48.88632,2.20142
2026-02-02 14:43:31,,
2026-02-02 14:43:32,48.88621,2.20154
2026-02-02 14:43:33,,
2026-02-02 14:43:34,48.88609,2.20168
2026-02-02 14:43:35,,
2026-02-02 14:43:36,48.88594,2.20180
2026-02-02 14:43:37,,
2026-02-02 14:43:38,48.88578,2.20191
2026-02-02 14:43:39,,
2026-02-02 14:43:40,48.88561,2.20205
2026-02-02 14:43:41,,
2026-02-02 14:43:42,48.88547,2.20216
2026-02-02 14:43:43,,
2026-02-02 14:43:44,,
2026-02-02 14:43:45,48.88533,2.20227
2026-02-02 14:43:46,,
2026-02-02 14:43:47,48.88517,2.20238
2026-02-02 14:43:48,,
2026-02-02 14:43:49,48.88501,2.20250
2026-02-02 14:43:50,,
2026-02-02 14:43:51,48.88486,2.20262
2026-02-02 14:43:52,,
2026-02-02 14:43:53,48.88472,2.20274
2026-02-02 14:43:54,,
2026-02-02 14:43:55,48.88458,2.20287
2026-02-02 14:43:56,,
2026-02-02 14:43:57,48.88445,2.20298
2026-02-02 14:43:58,,
2026-02-02 14:43:59,48.88432,2.20308
2026-02-02 14:44:00,,
2026-02-02 14:44:01,48.88420,2.20316
2026-02-02 14:44:02,,
2026-02-02 14:44:03,48.88409,2.20325
2026-02-02 14:44:04,,
2026-02-02 14:44:05,48.88397,2.20334
2026-02-02 14:44:06,,
2026-02-02 14:44:07,48.88376,2.20352
2026-02-02 14:44:08,,
2026-02-02 14:44:09,48.88357,2.20362
2026-02-02 14:44:10,,
2026-02-02 14:44:11,48.88336,2.20377
2026-02-02 14:44:12,,
2026-02-02 14:44:13,48.88316,2.20393
2026-02-02 14:44:14,,
2026-02-02 14:44:15,48.88297,2.20406
2026-02-02 14:44:16,48.88287,2.20413
2026-02-02 14:44:17,,
2026-02-02 14:44:18,48.88268,2.20428
2026-02-02 14:44:19,,
2026-02-02 14:44:20,48.88245,2.20445
2026-02-02 14:44:21,,
2026-02-02 14:44:22,48.88225,2.20461
2026-02-02 14:44:23,,
2026-02-02 14:44:24,48.88205,2.20480
2026-02-02 14:44:25,,
2026-02-02 14:44:26,48.88189,2.20499
2026-02-02 14:44:27,,
2026-02-02 14:44:28,48.88176,2.20513
2026-02-02 14:44:29,,
2026-02-02 14:44:30,48.88169,2.20520
2026-02-02 14:44:31,,
2026-02-02 14:44:32,48.88165,2.20523
2026-02-02 14:44:33,,
2026-02-02 14:44:34,48.88160,2.20527
2026-02-02 14:44:35,,
2026-02-02 14:44:36,48.88157,2.20530
2026-02-02 14:44:37,,
2026-02-02 14:44:38,,
2026-02-02 14:44:39,,
2026-02-02 14:44:40,48.88153,2.20534
2026-02-02 14:44:41,,
2026-02-02 14:44:42,48.88150,2.20538
2026-02-02 14:44:43,,
2026-02-02 14:44:44,48.88147,2.20541
2026-02-02 14:44:45,,
2026-02-02 14:44:46,48.88147,2.20541
2026-02-02 14:44:47,,
2026-02-02 14:44:48,48.88146,2.20542
2026-02-02 14:44:49,,
2026-02-02 14:44:50,48.88146,2.20542
2026-02-02 14:44:51,,
2026-02-02 14:44:52,48.88145,2.20543
2026-02-02 14:44:53,,
2026-02-02 14:44:54,48.88139,2.20551
2026-02-02 14:44:55,,
2026-02-02 14:44:56,48.88127,2.20564
2026-02-02 14:44:57,,
2026-02-02 14:44:58,48.88117,2.20579
2026-02-02 14:44:59,,
2026-02-02 14:45:00,,
2026-02-02 14:45:01,48.88105,2.20591
2026-02-02 14:45:02,,
2026-02-02 14:45:03,48.88097,2.20601
2026-02-02 14:45:04,,
2026-02-02 14:45:05,48.88090,2.20608
2026-02-02 14:45:06,,
2026-02-02 14:45:07,48.88086,2.20613
2026-02-02 14:45:08,,
2026-02-02 14:45:09,48.88080,2.20619
2026-02-02 14:45:10,,
2026-02-02 14:45:11,48.88071,2.20630
2026-02-02 14:45:12,,
2026-02-02 14:45:13,48.88060,2.20642
2026-02-02 14:45:14,,
2026-02-02 14:45:15,48.88045,2.20657
2026-02-02 14:45:16,,
2026-02-02 14:45:17,48.88030,2.20674
2026-02-02 14:45:18,,
2026-02-02 14:45:19,48.88013,2.20694
2026-02-02 14:45:20,,
2026-02-02 14:45:21,48.87994,2.20714
2026-02-02 14:45:22,,
2026-02-02 14:45:23,48.87993,2.20717
2026-02-02 14:45:24,,
2026-02-02 14:45:25,48.87993,2.20717
2026-02-02 14:45:26,,
2026-02-02 14:45:27,48.87992,2.20716
2026-02-02 14:45:28,,
2026-02-02 14:45:29,48.87992,2.20717
2026-02-02 14:45:30,48.87992,2.20717
2026-02-02 14:45:31,,
2026-02-02 14:45:32,48.87991,2.20718
2026-02-02 14:45:33,,
2026-02-02 14:45:34,48.87991,2.20717
2026-02-02 14:45:35,,
2026-02-02 14:45:36,48.87991,2.20717
2026-02-02 14:45:37,,
2026-02-02 14:45:38,48.87991,2.20717
2026-02-02 14:45:39,,
2026-02-02 14:45:40,48.87990,2.20716
2026-02-02 14:45:41,,
2026-02-02 14:45:42,48.87990,2.20716
2026-02-02 14:45:43,,
2026-02-02 14:45:44,48.87990,2.20715
2026-02-02 14:45:45,,
2026-02-02 14:45:46,48.87990,2.20715
2026-02-02 14:45:47,,
2026-02-02 14:45:48,48.87990,2.20714
2026-02-02 14:45:49,,
2026-02-02 14:45:50,48.87989,2.20714
2026-02-02 14:45:51,,
2026-02-02 14:45:52,,
2026-02-02 14:45:53,48.87989,2.20715
2026-02-02 14:45:54,,
2026-02-02 14:45:55,48.87989,2.20714
2026-02-02 14:45:56,,
2026-02-02 14:45:57,48.87987,2.20714
2026-02-02 14:45:58,,
2026-02-02 14:45:59,48.87987,2.20714
2026-02-02 14:46:00,,
2026-02-02 14:46:01,48.87987,2.20714
2026-02-02 14:46:02,,
2026-02-02 14:46:03,48.87986,2.20715
2026-02-02 14:46:04,,
2026-02-02 14:46:05,48.87986,2.20715
2026-02-02 14:46:06,,
2026-02-02 14:46:07,48.87986,2.20715
2026-02-02 14:46:08,,
2026-02-02 14:46:09,48.87986,2.20714
2026-02-02 14:46:10,,
2026-02-02 14:46:11,48.87986,2.20715
2026-02-02 14:46:12,,
2026-02-02 14:46:13,48.87984,2.20715
2026-02-02 14:46:14,,
2026-02-02 14:46:15,48.87978,2.20725
2026-02-02 14:46:16,,
2026-02-02 14:46:17,48.87966,2.20748
2026-02-02 14:46:18,,
2026-02-02 14:46:19,48.87957,2.20773
2026-02-02 14:46:20,,
2026-02-02 14:46:21,48.87949,2.20800
2026-02-02 14:46:22,,
2026-02-02 14:46:23,48.87939,2.20833
2026-02-02 14:46:24,,
2026-02-02 14:46:25,48.87928,2.20867
2026-02-02 14:46:26,48.87923,2.20882
2026-02-02 14:46:27,,
2026-02-02 14:46:28,48.87914,2.20912
2026-02-02 14:46:29,,
2026-02-02 14:46:30,48.87903,2.20939
2026-02-02 14:46:31,,
2026-02-02 14:46:32,48.87896,2.20962
2026-02-02 14:46:33,,
2026-02-02 14:46:34,48.87891,2.20979
2026-02-02 14:46:35,,
2026-02-02 14:46:36,48.87889,2.20988
2026-02-02 14:46:37,,
2026-02-02 14:46:38,48.87887,2.20994
2026-02-02 14:46:39,,
2026-02-02 14:46:40,48.87886,2.20998
2026-02-02 14:46:41,,
2026-02-02 14:46:42,48.87885,2.20998
2026-02-02 14:46:43,,
2026-02-02 14:46:44,48.87886,2.20999
2026-02-02 14:46:45,,
2026-02-02 14:46:46,48.87887,2.20999
2026-02-02 14:46:47,,
2026-02-02 14:46:48,,
2026-02-02 14:46:49,48.87887,2.20999
2026-02-02 14:46:50,,
2026-02-02 14:46:51,48.87887,2.20999
2026-02-02 14:46:52,,
2026-02-02 14:46:53,48.87886,2.21000
2026-02-02 14:46:54,,
2026-02-02 14:46:55,48.87887,2.21000
2026-02-02 14:46:56,,
2026-02-02 14:46:57,48.87886,2.21000
2026-02-02 14:46:58,,
2026-02-02 14:46:59,48.87886,2.21000
2026-02-02 14:47:00,,
2026-02-02 14:47:01,48.87885,2.21001
2026-02-02 14:47:02,,
2026-02-02 14:47:03,48.87885,2.21002
2026-02-02 14:47:04,,
2026-02-02 14:47:05,48.87883,2.21009
2026-02-02 14:47:06,,
2026-02-02 14:47:07,48.87880,2.21017
2026-02-02 14:47:08,,
2026-02-02 14:47:09,48.87878,2.21024
2026-02-02 14:47:10,,
2026-02-02 14:47:11,48.87877,2.21030
2026-02-02 14:47:12,,
2026-02-02 14:47:13,48.87873,2.21033
2026-02-02 14:47:14,,
2026-02-02 14:47:15,48.87870,2.21027
2026-02-02 14:47:16,,
2026-02-02 14:47:17,48.87871,2.21013
2026-02-02 14:47:18,,
2026-02-02 14:47:19,48.87872,2.20996
2026-02-02 14:47:20,,
2026-02-02 14:47:21,48.87870,2.20978
2026-02-02 14:47:22,48.87871,2.20969
2026-02-02 14:47:23,,
2026-02-02 14:47:24,48.87872,2.20950
2026-02-02 14:47:25,,
2026-02-02 14:47:26,48.87870,2.20929
2026-02-02 14:47:27,,
2026-02-02 14:47:28,48.87867,2.20909
2026-02-02 14:47:29,,
2026-02-02 14:47:30,48.87865,2.20890
2026-02-02 14:47:31,,
2026-02-02 14:47:32,48.87865,2.20876
2026-02-02 14:47:33,,
2026-02-02 14:47:34,48.87863,2.20866
2026-02-02 14:47:35,,
2026-02-02 14:47:36,48.87863,2.20855
2026-02-02 14:47:37,,
2026-02-02 14:47:38,48.87863,2.20841
2026-02-02 14:47:39,,
2026-02-02 14:47:40,48.87861,2.20826
2026-02-02 14:47:41,,
2026-02-02 14:47:42,48.87858,2.20811
2026-02-02 14:47:43,,
2026-02-02 14:47:44,,
2026-02-02 14:47:45,48.87857,2.20794
2026-02-02 14:47:46,,
2026-02-02 14:47:47,48.87856,2.20775
2026-02-02 14:47:48,,
2026-02-02 14:47:49,48.87852,2.20753
2026-02-02 14:47:50,,
2026-02-02 14:47:51,48.87848,2.20729
2026-02-02 14:47:52,,
2026-02-02 14:47:53,48.87844,2.20705
2026-02-02 14:47:54,,
2026-02-02 14:47:55,48.87840,2.20681
2026-02-02 14:47:56,,
2026-02-02 14:47:57,48.87836,2.20659
2026-02-02 14:47:58,,
2026-02-02 14:47:59,48.87832,2.20638
2026-02-02 14:48:00,,
2026-02-02 14:48:01,48.87828,2.20617
2026-02-02 14:48:02,,
2026-02-02 14:48:03,48.87823,2.20597
2026-02-02 14:48:04,,
2026-02-02 14:48:05,48.87820,2.20576
2026-02-02 14:48:06,,
2026-02-02 14:48:07,48.87816,2.20556
2026-02-02 14:48:08,,
2026-02-02 14:48:09,48.87809,2.20530
2026-02-02 14:48:10,,
2026-02-02 14:48:11,48.87806,2.20514
2026-02-02 14:48:12,,
2026-02-02 14:48:13,48.87803,2.20499
2026-02-02 14:48:14,,
2026-02-02 14:48:15,48.87798,2.20481
2026-02-02 14:48:16,,
2026-02-02 14:48:17,48.87794,2.20460
2026-02-02 14:48:18,48.87791,2.20450
2026-02-02 14:48:19,,
2026-02-02 14:48:20,48.87786,2.20430
2026-02-02 14:48:21,,
2026-02-02 14:48:22,48.87781,2.20412
2026-02-02 14:48:23,,
2026-02-02 14:48:24,48.87776,2.20394
2026-02-02 14:48:25,,
2026-02-02 14:48:26,48.87771,2.20373
2026-02-02 14:48:27,,
2026-02-02 14:48:28,48.87765,2.20350
2026-02-02 14:48:29,,
2026-02-02 14:48:30,48.87757,2.20327
2026-02-02 14:48:31,,
2026-02-02 14:48:32,48.87749,2.20308
2026-02-02 14:48:33,,
2026-02-02 14:48:34,48.87740,2.20288
2026-02-02 14:48:35,,
2026-02-02 14:48:36,48.87730,2.20268
2026-02-02 14:48:37,,
2026-02-02 14:48:38,,
2026-02-02 14:48:39,48.87722,2.20249
2026-02-02 14:48:40,,
2026-02-02 14:48:41,48.87711,2.20230
2026-02-02 14:48:42,,
2026-02-02 14:48:43,48.87703,2.20211
2026-02-02 14:48:44,,
2026-02-02 14:48:45,48.87692,2.20191
2026-02-02 14:48:46,,
2026-02-02 14:48:47,48.87682,2.20172
2026-02-02 14:48:48,,
2026-02-02 14:48:49,48.87672,2.20157
2026-02-02 14:48:50,,
2026-02-02 14:48:51,48.87664,2.20146
2026-02-02 14:48:52,,
2026-02-02 14:48:53,48.87661,2.20137
2026-02-02 14:48:54,,
2026-02-02 14:48:55,48.87656,2.20130
2026-02-02 14:48:56,,
2026-02-02 14:48:57,48.87652,2.20122
2026-02-02 14:48:58,,
2026-02-02 14:48:59,48.87648,2.20104
2026-02-02 14:49:00,,
2026-02-02 14:49:01,48.87648,2.20081
2026-02-02 14:49:02,,
2026-02-02 14:49:03,48.87659,2.20057
2026-02-02 14:49:04,,
2026-02-02 14:49:05,48.87667,2.20039
2026-02-02 14:49:06,,
2026-02-02 14:49:07,48.87676,2.20020
2026-02-02 14:49:08,,
2026-02-02 14:49:09,48.87685,2.20000
2026-02-02 14:49:10,,
2026-02-02 14:49:11,48.87693,2.19982
2026-02-02 14:49:12,48.87697,2.19973
2026-02-02 14:49:13,,
2026-02-02 14:49:14,48.87705,2.19955
2026-02-02 14:49:15,,
2026-02-02 14:49:16,48.87716,2.19935
2026-02-02 14:49:17,,
2026-02-02 14:49:18,48.87725,2.19917
2026-02-02 14:49:19,,
2026-02-02 14:49:20,48.87731,2.19898
2026-02-02 14:49:21,,
2026-02-02 14:49:22,48.87739,2.19877
2026-02-02 14:49:23,,
2026-02-02 14:49:24,48.87748,2.19855
2026-02-02 14:49:25,,
2026-02-02 14:49:26,48.87756,2.19835
2026-02-02 14:49:27,,
2026-02-02 14:49:28,48.87762,2.19814
2026-02-02 14:49:29,,
2026-02-02 14:49:30,48.87766,2.19792
2026-02-02 14:49:31,,
2026-02-02 14:49:32,48.87769,2.19767
2026-02-02 14:49:33,,
2026-02-02 14:49:34,,
2026-02-02 14:49:35,48.87771,2.19740
2026-02-02 14:49:36,,
2026-02-02 14:49:37,48.87776,2.19715
2026-02-02 14:49:38,,
2026-02-02 14:49:39,48.87781,2.19691
2026-02-02 14:49:40,,
2026-02-02 14:49:41,48.87786,2.19666
2026-02-02 14:49:42,,
2026-02-02 14:49:43,48.87789,2.19638
2026-02-02 14:49:44,,
2026-02-02 14:49:45,48.87792,2.19612
2026-02-02 14:49:46,,
2026-02-02 14:49:47,48.87795,2.19586
2026-02-02 14:49:48,,
2026-02-02 14:49:49,48.87798,2.19559
2026-02-02 14:49:50,,
2026-02-02 14:49:51,48.87803,2.19532
2026-02-02 14:49:52,,
2026-02-02 14:49:53,48.87808,2.19509
2026-02-02 14:49:54,,
2026-02-02 14:49:55,48.87811,2.19491
2026-02-02 14:49:56,,
2026-02-02 14:49:57,48.87815,2.19472
2026-02-02 14:49:58,,
2026-02-02 14:49:59,48.87824,2.19440
2026-02-02 14:50:00,,
2026-02-02 14:50:01,48.87830,2.19417
2026-02-02 14:50:02,,
2026-02-02 14:50:03,48.87836,2.19393
2026-02-02 14:50:04,,
2026-02-02 14:50:05,48.87842,2.19371
2026-02-02 14:50:06,,
2026-02-02 14:50:07,48.87846,2.19348
2026-02-02 14:50:08,48.87848,2.19335
2026-02-02 14:50:09,,
2026-02-02 14:50:10,48.87850,2.19305
2026-02-02 14:50:11,,
2026-02-02 14:50:12,48.87853,2.19275
2026-02-02 14:50:13,,
2026-02-02 14:50:14,48.87854,2.19243
2026-02-02 14:50:15,,
2026-02-02 14:50:16,48.87857,2.19213
2026-02-02 14:50:17,,
2026-02-02 14:50:18,48.87859,2.19186
2026-02-02 14:50:19,,
2026-02-02 14:50:20,48.87862,2.19158
2026-02-02 14:50:21,,
2026-02-02 14:50:22,48.87865,2.19129
2026-02-02 14:50:23,,
2026-02-02 14:50:24,48.87870,2.19101
2026-02-02 14:50:25,,
2026-02-02 14:50:26,48.87876,2.19073
2026-02-02 14:50:27,,
2026-02-02 14:50:28,48.87884,2.19045
2026-02-02 14:50:29,,
2026-02-02 14:50:30,,
2026-02-02 14:50:31,48.87893,2.19019
2026-02-02 14:50:32,,
2026-02-02 14:50:33,48.87901,2.18996
2026-02-02 14:50:34,,
2026-02-02 14:50:35,48.87906,2.18977
2026-02-02 14:50:36,,
2026-02-02 14:50:37,48.87905,2.18959
2026-02-02 14:50:38,,
2026-02-02 14:50:39,48.87899,2.18939
2026-02-02 14:50:40,,
2026-02-02 14:50:41,48.87893,2.18919
2026-02-02 14:50:42,,
2026-02-02 14:50:43,48.87889,2.18897
2026-02-02 14:50:44,,
2026-02-02 14:50:45,48.87886,2.18876
2026-02-02 14:50:46,,
2026-02-02 14:50:47,48.87884,2.18855
2026-02-02 14:50:48,,
2026-02-02 14:50:49,48.87888,2.18830
2026-02-02 14:50:50,,
2026-02-02 14:50:51,48.87891,2.18806
2026-02-02 14:50:52,,
2026-02-02 14:50:53,48.87899,2.18772
2026-02-02 14:50:54,,
2026-02-02 14:50:55,48.87899,2.18749
2026-02-02 14:50:56,,
2026-02-02 14:50:57,48.87894,2.18727
2026-02-02 14:50:58,,
2026-02-02 14:50:59,48.87888,2.18708
2026-02-02 14:51:00,48.87885,2.18701
2026-02-02 14:51:01,,
2026-02-02 14:51:02,48.87881,2.18691
2026-02-02 14:51:03,,
2026-02-02 14:51:04,48.87881,2.18688
2026-02-02 14:51:05,,
2026-02-02 14:51:06,48.87881,2.18688
2026-02-02 14:51:07,,
2026-02-02 14:51:08,48.87880,2.18689
2026-02-02 14:51:09,,
2026-02-02 14:51:10,48.87880,2.18689
2026-02-02 14:51:11,,
2026-02-02 14:51:12,48.87879,2.18690
2026-02-02 14:51:13,,
2026-02-02 14:51:14,48.87879,2.18690
2026-02-02 14:51:15,,
2026-02-02 14:51:16,48.87880,2.18690
2026-02-02 14:51:17,,
2026-02-02 14:51:18,48.87880,2.18690
2026-02-02 14:51:19,,
2026-02-02 14:51:20,48.87880,2.18690
2026-02-02 14:51:21,,
2026-02-02 14:51:22,,
2026-02-02 14:51:23,48.87879,2.18691
2026-02-02 14:51:24,,
2026-02-02 14:51:25,48.87879,2.18690
2026-02-02 14:51:26,,
2026-02-02 14:51:27,48.87879,2.18690
2026-02-02 14:51:28,,
2026-02-02 14:51:29,48.87879,2.18690
2026-02-02 14:51:30,,
2026-02-02 14:51:31,48.87879,2.18691
2026-02-02 14:51:32,,
2026-02-02 14:51:33,48.87879,2.18690
2026-02-02 14:51:34,,
2026-02-02 14:51:35,48.87878,2.18690
2026-02-02 14:51:36,,
2026-02-02 14:51:37,48.87878,2.18690
2026-02-02 14:51:38,,
2026-02-02 14:51:39,48.87878,2.18690
2026-02-02 14:51:40,,
2026-02-02 14:51:41,48.87878,2.18690
2026-02-02 14:51:42,,
2026-02-02 14:51:43,48.87878,2.18689
2026-02-02 14:51:44,,
2026-02-02 14:51:45,48.87878,2.18690
2026-02-02 14:51:46,,
2026-02-02 14:51:47,48.87877,2.18689
2026-02-02 14:51:48,,
2026-02-02 14:51:49,48.87877,2.18689
2026-02-02 14:51:50,,
2026-02-02 14:51:51,48.87877,2.18685
2026-02-02 14:51:52,,
2026-02-02 14:51:53,48.87873,2.18675
2026-02-02 14:51:54,,
2026-02-02 14:51:55,48.87875,2.18663
2026-02-02 14:51:56,48.87879,2.18658
2026-02-02 14:51:57,,
2026-02-02 14:51:58,48.87893,2.18645
2026-02-02 14:51:59,,
2026-02-02 14:52:00,48.87911,2.18628
2026-02-02 14:52:01,,
2026-02-02 14:52:02,48.87929,2.18612
2026-02-02 14:52:03,,
2026-02-02 14:52:04,48.87947,2.18596
2026-02-02 14:52:05,,
2026-02-02 14:52:06,48.87960,2.18583
2026-02-02 14:52:07,,
2026-02-02 14:52:08,48.87967,2.18577
2026-02-02 14:52:09,,
2026-02-02 14:52:10,48.87968,2.18576
2026-02-02 14:52:11,,
2026-02-02 14:52:12,48.87968,2.18577
2026-02-02 14:52:13,,
2026-02-02 14:52:14,48.87968,2.18578
2026-02-02 14:52:15,,
2026-02-02 14:52:16,48.87968,2.18579
2026-02-02 14:52:17,,
2026-02-02 14:52:18,,
2026-02-02 14:52:19,48.87968,2.18579
2026-02-02 14:52:20,,
2026-02-02 14:52:21,48.87969,2.18578
2026-02-02 14:52:22,,
2026-02-02 14:52:23,48.87968,2.18579
2026-02-02 14:52:24,,
2026-02-02 14:52:25,48.87968,2.18580
2026-02-02 14:52:26,,
2026-02-02 14:52:27,48.87969,2.18580
2026-02-02 14:52:28,,
2026-02-02 14:52:29,48.87969,2.18581
2026-02-02 14:52:30,,
2026-02-02 14:52:31,48.87969,2.18582
2026-02-02 14:52:32,,
2026-02-02 14:52:33,48.87968,2.18582
2026-02-02 14:52:34,,
2026-02-02 14:52:35,48.87968,2.18582
2026-02-02 14:52:36,,
2026-02-02 14:52:37,48.87968,2.18583
2026-02-02 14:52:38,,
2026-02-02 14:52:39,48.87968,2.18583
2026-02-02 14:52:40,,
2026-02-02 14:52:41,48.87969,2.18582
2026-02-02 14:52:42,,
2026-02-02 14:52:43,48.87969,2.18582
2026-02-02 14:52:44,,
2026-02-02 14:52:45,48.87969,2.18582
2026-02-02 14:52:46,,
2026-02-02 14:52:47,48.87969,2.18582
2026-02-02 14:52:48,,
2026-02-02 14:52:49,48.87968,2.18583
2026-02-02 14:52:50,48.87968,2.18583
2026-02-02 14:52:51,,
2026-02-02 14:52:52,48.87969,2.18583
2026-02-02 14:52:53,,
2026-02-02 14:52:54,48.87974,2.18579
2026-02-02 14:52:55,,
2026-02-02 14:52:56,48.87981,2.18572
2026-02-02 14:52:57,,
2026-02-02 14:52:58,48.87993,2.18563
2026-02-02 14:52:59,,
2026-02-02 14:53:00,48.88006,2.18552
2026-02-02 14:53:01,,
2026-02-02 14:53:02,48.88020,2.18540
2026-02-02 14:53:03,,
2026-02-02 14:53:04,48.88033,2.18528
2026-02-02 14:53:05,,
2026-02-02 14:53:06,48.88044,2.18519
2026-02-02 14:53:07,,
2026-02-02 14:53:08,48.88054,2.18511
2026-02-02 14:53:09,,
2026-02-02 14:53:10,,
2026-02-02 14:53:11,48.88062,2.18505
2026-02-02 14:53:12,,
2026-02-02 14:53:13,48.88067,2.18500
2026-02-02 14:53:14,,
2026-02-02 14:53:15,48.88073,2.18496
2026-02-02 14:53:16,,
2026-02-02 14:53:17,48.88076,2.18494
2026-02-02 14:53:18,,
2026-02-02 14:53:19,48.88077,2.18494
2026-02-02 14:53:20,,
2026-02-02 14:53:21,48.88077,2.18493
2026-02-02 14:53:22,,
2026-02-02 14:53:23,48.88076,2.18493
2026-02-02 14:53:24,,
2026-02-02 14:53:25,48.88077,2.18492
2026-02-02 14:53:26,,
2026-02-02 14:53:27,48.88077,2.18492
2026-02-02 14:53:28,,
2026-02-02 14:53:29,48.88078,2.18492
2026-02-02 14:53:30,,
2026-02-02 14:53:31,48.88081,2.18492
2026-02-02 14:53:32,,
2026-02-02 14:53:33,48.88082,2.18492
2026-02-02 14:53:34,,
2026-02-02 14:53:35,48.88082,2.18492
2026-02-02 14:53:36,,
2026-02-02 14:53:37,48.88081,2.18492
2026-02-02 14:53:38,,
2026-02-02 14:53:39,48.88081,2.18492
2026-02-02 14:53:40,,
2026-02-02 14:53:41,48.88082,2.18492
2026-02-02 14:53:42,,
2026-02-02 14:53:43,48.88081,2.18492
2026-02-02 14:53:44,,
2026-02-02 14:53:45,48.88081,2.18493
2026-02-02 14:53:46,48.88081,2.18493
2026-02-02 14:53:47,,
2026-02-02 14:53:48,48.88083,2.18493
2026-02-02 14:53:49,,
2026-02-02 14:53:50,48.88088,2.18489
2026-02-02 14:53:51,,
2026-02-02 14:53:52,48.88094,2.18486
2026-02-02 14:53:53,,
2026-02-02 14:53:54,48.88100,2.18481
2026-02-02 14:53:55,,
2026-02-02 14:53:56,48.88107,2.18475
2026-02-02 14:53:57,,
2026-02-02 14:53:58,48.88115,2.18469
2026-02-02 14:53:59,,
2026-02-02 14:54:00,48.88120,2.18463
2026-02-02 14:54:01,,
2026-02-02 14:54:02,48.88123,2.18461
2026-02-02 14:54:03,,
2026-02-02 14:54:04,48.88123,2.18460
2026-02-02 14:54:05,,
2026-02-02 14:54:06,,
2026-02-02 14:54:07,48.88122,2.18459
2026-02-02 14:54:08,,
2026-02-02 14:54:09,48.88123,2.18459
2026-02-02 14:54:10,,
2026-02-02 14:54:11,48.88123,2.18458
2026-02-02 14:54:12,,
2026-02-02 14:54:13,48.88123,2.18457
2026-02-02 14:54:14,,
2026-02-02 14:54:15,48.88124,2.18457
2026-02-02 14:54:16,,
2026-02-02 14:54:17,48.88126,2.18454
2026-02-02 14:54:18,,
2026-02-02 14:54:19,48.88131,2.18448
2026-02-02 14:54:20,,
2026-02-02 14:54:21,48.88132,2.18438
2026-02-02 14:54:22,,
2026-02-02 14:54:23,48.88126,2.18422
2026-02-02 14:54:24,,
2026-02-02 14:54:25,48.88118,2.18402
2026-02-02 14:54:26,,
2026-02-02 14:54:27,48.88109,2.18381
2026-02-02 14:54:28,,
2026-02-02 14:54:29,48.88100,2.18356
2026-02-02 14:54:30,,
2026-02-02 14:54:31,48.88091,2.18332
2026-02-02 14:54:32,,
2026-02-02 14:54:33,48.88077,2.18301
2026-02-02 14:54:34,,
2026-02-02 14:54:35,48.88069,2.18279
2026-02-02 14:54:36,,
2026-02-02 14:54:37,48.88062,2.18261
2026-02-02 14:54:38,,
2026-02-02 14:54:39,48.88057,2.18246
2026-02-02 14:54:40,48.88055,2.18240
2026-02-02 14:54:41,,
2026-02-02 14:54:42,48.88051,2.18232
2026-02-02 14:54:43,,
2026-02-02 14:54:44,48.88050,2.18227
2026-02-02 14:54:45,,
2026-02-02 14:54:46,48.88048,2.18221
2026-02-02 14:54:47,,
2026-02-02 14:54:48,48.88044,2.18213
2026-02-02 14:54:49,,
2026-02-02 14:54:50,48.88039,2.18203
2026-02-02 14:54:51,,
2026-02-02 14:54:52,48.88035,2.18190
2026-02-02 14:54:53,,
2026-02-02 14:54:54,48.88029,2.18177
2026-02-02 14:54:55,,
2026-02-02 14:54:56,48.88024,2.18164
2026-02-02 14:54:57,,
2026-02-02 14:54:58,48.88019,2.18151
2026-02-02 14:54:59,,
2026-02-02 14:55:00,48.88014,2.18135
2026-02-02 14:55:01,,
2026-02-02 14:55:02,,
2026-02-02 14:55:03,48.88007,2.18118
2026-02-02 14:55:04,,
2026-02-02 14:55:05,48.88001,2.18101
2026-02-02 14:55:06,,
2026-02-02 14:55:07,48.87996,2.18083
2026-02-02 14:55:08,,
2026-02-02 14:55:09,48.87989,2.18065
2026-02-02 14:55:10,,
2026-02-02 14:55:11,48.87983,2.18044
2026-02-02 14:55:12,,
2026-02-02 14:55:13,48.87977,2.18024
2026-02-02 14:55:14,,
2026-02-02 14:55:15,48.87973,2.18012
2026-02-02 14:55:16,,
2026-02-02 14:55:17,48.87970,2.18005
2026-02-02 14:55:18,,
2026-02-02 14:55:19,48.87966,2.17994
2026-02-02 14:55:20,,
2026-02-02 14:55:21,48.87962,2.17980
2026-02-02 14:55:22,,
2026-02-02 14:55:23,48.87959,2.17968
2026-02-02 14:55:24,,
2026-02-02 14:55:25,48.87956,2.17961
2026-02-02 14:55:26,,
2026-02-02 14:55:27,48.87954,2.17956
2026-02-02 14:55:28,,
2026-02-02 14:55:29,48.87954,2.17956
2026-02-02 14:55:30,,
2026-02-02 14:55:31,48.87954,2.17956
2026-02-02 14:55:32,,
2026-02-02 14:55:33,48.87954,2.17955
2026-02-02 14:55:34,48.87952,2.17955
2026-02-02 14:55:35,,
2026-02-02 14:55:36,48.87952,2.17955
2026-02-02 14:55:37,,
2026-02-02 14:55:38,48.87952,2.17955
2026-02-02 14:55:39,,
2026-02-02 14:55:40,48.87952,2.17955
2026-02-02 14:55:41,,
2026-02-02 14:55:42,48.87952,2.17956
2026-02-02 14:55:43,,
2026-02-02 14:55:44,48.87952,2.17951
2026-02-02 14:55:45,,
2026-02-02 14:55:46,48.87947,2.17941
2026-02-02 14:55:47,,
2026-02-02 14:55:48,48.87940,2.17923
2026-02-02 14:55:49,,
2026-02-02 14:55:50,48.87931,2.17900
2026-02-02 14:55:51,,
2026-02-02 14:55:52,48.87923,2.17878
2026-02-02 14:55:53,,
2026-02-02 14:55:54,48.87916,2.17857
2026-02-02 14:55:55,,
2026-02-02 14:55:56,,
2026-02-02 14:55:57,48.87911,2.17840
2026-02-02 14:55:58,,
2026-02-02 14:55:59,48.87908,2.17829
2026-02-02 14:56:00,,
2026-02-02 14:56:01,48.87906,2.17823
2026-02-02 14:56:02,,
2026-02-02 14:56:03,48.87905,2.17820
2026-02-02 14:56:04,,
2026-02-02 14:56:05,48.87903,2.17818
2026-02-02 14:56:06,,
2026-02-02 14:56:07,48.87899,2.17812
2026-02-02 14:56:08,,
2026-02-02 14:56:09,48.87896,2.17803
2026-02-02 14:56:10,,
2026-02-02 14:56:11,48.87893,2.17791
2026-02-02 14:56:12,,
2026-02-02 14:56:13,48.87887,2.17773
2026-02-02 14:56:14,,
2026-02-02 14:56:15,48.87878,2.17752
2026-02-02 14:56:16,,
2026-02-02 14:56:17,48.87870,2.17729
2026-02-02 14:56:18,,
2026-02-02 14:56:19,48.87859,2.17704
2026-02-02 14:56:20,,
2026-02-02 14:56:21,48.87848,2.17668
2026-02-02 14:56:22,,
2026-02-02 14:56:23,48.87838,2.17647
2026-02-02 14:56:24,,
2026-02-02 14:56:25,48.87832,2.17628
2026-02-02 14:56:26,,
2026-02-02 14:56:27,48.87825,2.17611
2026-02-02 14:56:28,48.87821,2.17604
2026-02-02 14:56:29,,
2026-02-02 14:56:30,48.87816,2.17586
2026-02-02 14:56:31,,
2026-02-02 14:56:32,48.87809,2.17567
2026-02-02 14:56:33,,
2026-02-02 14:56:34,48.87804,2.17550
2026-02-02 14:56:35,,
2026-02-02 14:56:36,48.87795,2.17530
2026-02-02 14:56:37,,
2026-02-02 14:56:38,48.87787,2.17505
2026-02-02 14:56:39,,
2026-02-02 14:56:40,48.87776,2.17475
2026-02-02 14:56:41,,
2026-02-02 14:56:42,48.87766,2.17444
2026-02-02 14:56:43,,
2026-02-02 14:56:44,48.87756,2.17417
2026-02-02 14:56:45,,
2026-02-02 14:56:46,48.87746,2.17388
2026-02-02 14:56:47,,
2026-02-02 14:56:48,48.87737,2.17361
2026-02-02 14:56:49,,
2026-02-02 14:56:50,,
2026-02-02 14:56:51,48.87730,2.17341
2026-02-02 14:56:52,,
2026-02-02 14:56:53,48.87727,2.17331
2026-02-02 14:56:54,,
2026-02-02 14:56:55,48.87726,2.17326
2026-02-02 14:56:56,,
2026-02-02 14:56:57,48.87722,2.17318
2026-02-02 14:56:58,,
2026-02-02 14:56:59,48.87715,2.17301
2026-02-02 14:57:00,,
2026-02-02 14:57:01,48.87707,2.17278
2026-02-02 14:57:02,,
2026-02-02 14:57:03,48.87696,2.17249
2026-02-02 14:57:04,,
2026-02-02 14:57:05,48.87684,2.17216
2026-02-02 14:57:06,,
2026-02-02 14:57:07,48.87672,2.17181
2026-02-02 14:57:08,,
2026-02-02 14:57:09,48.87661,2.17149
2026-02-02 14:57:10,,
2026-02-02 14:57:11,48.87647,2.17120
2026-02-02 14:57:12,,
2026-02-02 14:57:13,48.87634,2.17091
2026-02-02 14:57:14,,
2026-02-02 14:57:15,48.87614,2.17049
2026-02-02 14:57:16,,
2026-02-02 14:57:17,48.87602,2.17022
2026-02-02 14:57:18,,
2026-02-02 14:57:19,48.87590,2.16997
2026-02-02 14:57:20,,
2026-02-02 14:57:21,48.87579,2.16971
2026-02-02 14:57:22,,
2026-02-02 14:57:23,48.87570,2.16949
2026-02-02 14:57:24,48.87566,2.16939
2026-02-02 14:57:25,,
2026-02-02 14:57:26,48.87560,2.16925
2026-02-02 14:57:27,,
2026-02-02 14:57:28,48.87556,2.16917
2026-02-02 14:57:29,,
2026-02-02 14:57:30,48.87554,2.16918
2026-02-02 14:57:31,,
2026-02-02 14:57:32,48.87556,2.16918
2026-02-02 14:57:33,,
2026-02-02 14:57:34,48.87556,2.16918
2026-02-02 14:57:35,,
2026-02-02 14:57:36,48.87556,2.16919
2026-02-02 14:57:37,,
2026-02-02 14:57:38,48.87556,2.16919
2026-02-02 14:57:39,,
2026-02-02 14:57:40,48.87556,2.16920
2026-02-02 14:57:41,,
2026-02-02 14:57:42,48.87556,2.16918
2026-02-02 14:57:43,,
2026-02-02 14:57:44,,
2026-02-02 14:57:45,48.87551,2.16908
2026-02-02 14:57:46,,
2026-02-02 14:57:47,48.87543,2.16892
2026-02-02 14:57:48,,
2026-02-02 14:57:49,48.87534,2.16875
2026-02-02 14:57:50,,
2026-02-02 14:57:51,48.87525,2.16856
2026-02-02 14:57:52,,
2026-02-02 14:57:53,48.87516,2.16836
2026-02-02 14:57:54,,
2026-02-02 14:57:55,48.87506,2.16816
2026-02-02 14:57:56,,
2026-02-02 14:57:57,48.87499,2.16799
2026-02-02 14:57:58,,
2026-02-02 14:57:59,48.87493,2.16783
2026-02-02 14:58:00,,
2026-02-02 14:58:01,48.87498,2.16766
2026-02-02 14:58:02,,
2026-02-02 14:58:03,48.87503,2.16745
2026-02-02 14:58:04,,
2026-02-02 14:58:05,48.87510,2.16720
2026-02-02 14:58:06,,
2026-02-02 14:58:07,48.87517,2.16694
2026-02-02 14:58:08,,
2026-02-02 14:58:09,48.87524,2.16671
2026-02-02 14:58:10,,
2026-02-02 14:58:11,48.87533,2.16644
2026-02-02 14:58:12,,
2026-02-02 14:58:13,48.87545,2.16603
2026-02-02 14:58:14,,
2026-02-02 14:58:15,48.87553,2.16579
2026-02-02 14:58:16,,
2026-02-02 14:58:17,48.87561,2.16555
2026-02-02 14:58:18,,
2026-02-02 14:58:19,48.87568,2.16533
2026-02-02 14:58:20,48.87571,2.16521
2026-02-02 14:58:21,,
2026-02-02 14:58:22,48.87578,2.16499
2026-02-02 14:58:23,,
2026-02-02 14:58:24,48.87584,2.16481
2026-02-02 14:58:25,,
2026-02-02 14:58:26,48.87589,2.16461
2026-02-02 14:58:27,,
2026-02-02 14:58:28,48.87595,2.16437
2026-02-02 14:58:29,,
2026-02-02 14:58:30,48.87604,2.16411
2026-02-02 14:58:31,,
2026-02-02 14:58:32,48.87612,2.16387
2026-02-02 14:58:33,,
2026-02-02 14:58:34,48.87619,2.16365
2026-02-02 14:58:35,,
2026-02-02 14:58:36,48.87626,2.16344
2026-02-02 14:58:37,,
2026-02-02 14:58:38,48.87631,2.16325
2026-02-02 14:58:39,,
2026-02-02 14:58:40,,
2026-02-02 14:58:41,48.87639,2.16309
2026-02-02 14:58:42,,
2026-02-02 14:58:43,48.87647,2.16295
2026-02-02 14:58:44,,
2026-02-02 14:58:45,48.87650,2.16288
2026-02-02 14:58:46,,
2026-02-02 14:58:47,48.87652,2.16283
2026-02-02 14:58:48,,
2026-02-02 14:58:49,48.87651,2.16276
2026-02-02 14:58:50,,
2026-02-02 14:58:51,48.87647,2.16267
2026-02-02 14:58:52,,
2026-02-02 14:58:53,48.87643,2.16260
2026-02-02 14:58:54,,
2026-02-02 14:58:55,48.87639,2.16253
2026-02-02 14:58:56,,
2026-02-02 14:58:57,48.87636,2.16247
2026-02-02 14:58:58,,
2026-02-02 14:58:59,,
2026-02-02 14:59:00,,
2026-02-02 14:59:01,48.87626,2.16227
2026-02-02 14:59:02,,
2026-02-02 14:59:03,48.87618,2.16215
2026-02-02 14:59:04,,
2026-02-02 14:59:05,48.87611,2.16203
2026-02-02 14:59:06,,
2026-02-02 14:59:07,48.87606,2.16187
2026-02-02 14:59:08,,
2026-02-02 14:59:09,48.87621,2.16170
2026-02-02 14:59:10,,
2026-02-02 14:59:11,48.87626,2.16181
2026-02-02 14:59:12,,
2026-02-02 14:59:13,48.87630,2.16193
2026-02-02 14:59:14,,
2026-02-02 14:59:15,48.87634,2.16203
2026-02-02 14:59:16,48.87637,2.16207
2026-02-02 14:59:17,,
2026-02-02 14:59:18,48.87642,2.16217
2026-02-02 14:59:19,,
2026-02-02 14:59:20,48.87647,2.16225
2026-02-02 14:59:21,,
2026-02-02 14:59:22,48.87648,2.16233
2026-02-02 14:59:23,,
2026-02-02 14:59:24,48.87644,2.16244
2026-02-02 14:59:25,,
2026-02-02 14:59:26,48.87644,2.16254
2026-02-02 14:59:27,,
2026-02-02 14:59:28,48.87650,2.16263
2026-02-02 14:59:29,,
2026-02-02 14:59:30,48.87652,2.16265
2026-02-02 14:59:31,,
2026-02-02 14:59:32,48.87651,2.16263
2026-02-02 14:59:33,,
2026-02-02 14:59:34,48.87651,2.16263
2026-02-02 14:59:35,,
2026-02-02 14:59:36,,
2026-02-02 14:59:37,48.87651,2.16262
2026-02-02 14:59:38,,
2026-02-02 14:59:39,48.87652,2.16266
2026-02-02 14:59:40,,
2026-02-02 14:59:41,48.87650,2.16276
2026-02-02 14:59:42,,
2026-02-02 14:59:43,48.87645,2.16286
2026-02-02 14:59:44,,
2026-02-02 14:59:45,48.87639,2.16298
2026-02-02 14:59:46,,
2026-02-02 14:59:47,48.87632,2.16312
2026-02-02 14:59:48,,
2026-02-02 14:59:49,48.87626,2.16330
2026-02-02 14:59:50,,
2026-02-02 14:59:51,48.87617,2.16355
2026-02-02 14:59:52,,
2026-02-02 14:59:53,48.87608,2.16381
2026-02-02 14:59:54,,
2026-02-02 14:59:55,48.87600,2.16406
2026-02-02 14:59:56,,
2026-02-02 14:59:57,48.87591,2.16428
2026-02-02 14:59:58,,
2026-02-02 14:59:59,48.87587,2.16442
2026-02-02 15:00:00,,
2026-02-02 15:00:01,48.87584,2.16450
2026-02-02 15:00:02,,
2026-02-02 15:00:03,48.87577,2.16469
2026-02-02 15:00:04,,
2026-02-02 15:00:05,48.87571,2.16486
2026-02-02 15:00:06,,
2026-02-02 15:00:07,48.87565,2.16506
2026-02-02 15:00:08,,
2026-02-02 15:00:09,48.87557,2.16529
2026-02-02 15:00:10,48.87553,2.16540
2026-02-02 15:00:11,,
2026-02-02 15:00:12,48.87545,2.16562
2026-02-02 15:00:13,,
2026-02-02 15:00:14,48.87539,2.16583
2026-02-02 15:00:15,,
2026-02-02 15:00:16,48.87530,2.16604
2026-02-02 15:00:17,,
2026-02-02 15:00:18,48.87522,2.16626
2026-02-02 15:00:19,,
2026-02-02 15:00:20,48.87513,2.16649
2026-02-02 15:00:21,,
2026-02-02 15:00:22,48.87505,2.16671
2026-02-02 15:00:23,,
2026-02-02 15:00:24,48.87498,2.16691
2026-02-02 15:00:25,,
2026-02-02 15:00:26,48.87493,2.16704
2026-02-02 15:00:27,,
2026-02-02 15:00:28,48.87491,2.16707
2026-02-02 15:00:29,,
2026-02-02 15:00:30,,
2026-02-02 15:00:31,48.87492,2.16707
2026-02-02 15:00:32,,
2026-02-02 15:00:33,48.87492,2.16707
2026-02-02 15:00:34,,
2026-02-02 15:00:35,48.87492,2.16708
2026-02-02 15:00:36,,
2026-02-02 15:00:37,48.87493,2.16707
2026-02-02 15:00:38,,
2026-02-02 15:00:39,48.87493,2.16707
2026-02-02 15:00:40,,
2026-02-02 15:00:41,,
2026-02-02 15:00:42,,
2026-02-02 15:00:43,,
2026-02-02 15:00:44,,
2026-02-02 15:00:45,,
2026-02-02 15:00:46,,
2026-02-02 15:00:47,,
2026-02-02 15:00:48,,
2026-02-02 15:00:49,,
2026-02-02 15:00:50,,
2026-02-02 15:00:51,,
2026-02-02 15:00:52,,
2026-02-02 15:00:53,,
2026-02-02 15:00:54,,
2026-02-02 15:00:55,,
2026-02-02 15:00:56,48.87493,2.16707
2026-02-02 15:00:57,,
2026-02-02 15:00:58,,
2026-02-02 15:00:59,48.87493,2.16708
2026-02-02 15:01:00,,
2026-02-02 15:01:01,,
2026-02-02 15:01:02,,
2026-02-02 15:01:03,,
2026-02-02 15:01:04,,
2026-02-02 15:01:05,,
2026-02-02 15:01:06,,
2026-02-02 15:01:07,,
2026-02-02 15:01:08,,
2026-02-02 15:01:09,,
2026-02-02 15:01:10,,
2026-02-02 15:01:11,,
2026-02-02 15:01:12,,
2026-02-02 15:01:13,,
2026-02-02 15:01:14,,
2026-02-02 15:01:15,,
2026-02-02 15:01:16,,
2026-02-02 15:01:17,,
2026-02-02 15:01:18,,
2026-02-02 15:01:19,,
2026-02-02 15:01:20,,
2026-02-02 15:01:21,,
2026-02-02 15:01:22,,
2026-02-02 15:01:23,,
2026-02-02 15:01:24,48.87480,2.16746
2026-02-02 15:01:25,,
2026-02-02 15:01:26,,
2026-02-02 15:01:27,,
2026-02-02 15:01:28,,
2026-02-02 15:01:29,,
2026-02-02 15:01:30,,
2026-02-02 15:01:31,,
2026-02-02 15:01:32,,
2026-02-02 15:01:33,,
2026-02-02 15:01:34,,
2026-02-02 15:01:35,,
2026-02-02 15:01:36,,
2026-02-02 15:01:37,,
2026-02-02 15:01:38,,
2026-02-02 15:01:39,,
2026-02-02 15:01:40,,
2026-02-02 15:01:41,,
2026-02-02 15:01:42,,
2026-02-02 15:01:43,,
2026-02-02 15:01:44,,
2026-02-02 15:01:45,,
2026-02-02 15:01:46,,
2026-02-02 15:01:47,,
2026-02-02 15:01:48,,
2026-02-02 15:01:49,,
2026-02-02 15:01:50,,
2026-02-02 15:01:51,,
2026-02-02 15:01:52,,
2026-02-02 15:01:53,,
2026-02-02 15:01:54,,
2026-02-02 15:01:55,,
2026-02-02 15:01:56,,
2026-02-02 15:01:57,,
2026-02-02 15:01:58,,
2026-02-02 15:01:59,,
2026-02-02 15:02:00,,
2026-02-02 15:02:01,,
2026-02-02 15:02:02,,
2026-02-02 15:02:03,,
2026-02-02 15:02:04,,
2026-02-02 15:02:05,,
2026-02-02 15:02:06,,
2026-02-02 15:02:07,,
2026-02-02 15:02:08,,
2026-02-02 15:02:09,,
2026-02-02 15:02:10,,
2026-02-02 15:02:11,,
2026-02-02 15:02:12,,
2026-02-02 15:02:13,,
2026-02-02 15:02:14,,
2026-02-02 15:02:15,,
2026-02-02 15:02:16,,
2026-02-02 15:02:17,,
2026-02-02 15:02:18,,
2026-02-02 15:02:19,,
2026-02-02 15:02:20,,
2026-02-02 15:02:21,,
2026-02-02 15:02:22,,
2026-02-02 15:02:23,,
2026-02-02 15:02:24,,
2026-02-02 15:02:25,,
2026-02-02 15:02:26,,
2026-02-02 15:02:27,,
2026-02-02 15:02:28,,
2026-02-02 15:02:29,,
2026-02-02 15:02:30,,
2026-02-02 15:02:31,,
2026-02-02 15:02:32,,
2026-02-02 15:02:33,,
2026-02-02 15:02:34,,
2026-02-02 15:02:35,,
2026-02-02 15:02:36,,
2026-02-02 15:02:37,,
2026-02-02 15:02:38,,
2026-02-02 15:02:39,,
2026-02-02 15:02:40,,
2026-02-02 15:02:41,,
2026-02-02 15:02:42,,
2026-02-02 15:02:43,,
2026-02-02 15:02:44,,
2026-02-02 15:02:45,,
2026-02-02 15:02:46,,
2026-02-02 15:02:47,,
2026-02-02 15:02:48,,
2026-02-02 15:02:49,,
2026-02-02 15:02:50,,
2026-02-02 15:02:51,,
2026-02-02 15:02:52,,
2026-02-02 15:02:53,,
2026-02-02 15:02:54,,
2026-02-02 15:02:55,,
2026-02-02 15:02:56,,
2026-02-02 15:02:57,,
2026-02-02 15:02:58,,
2026-02-02 15:02:59,,
2026-02-02 15:03:00,,
2026-02-02 15:03:01,,
2026-02-02 15:03:02,,
2026-02-02 15:03:03,,
2026-02-02 15:03:04,,
2026-02-02 15:03:05,,
2026-02-02 15:03:06,48.87774,2.17467
2026-02-02 15:03:07,,
2026-02-02 15:03:08,48.87783,2.17491
2026-02-02 15:03:09,,
2026-02-02 15:03:10,48.87792,2.17516
2026-02-02 15:03:11,,
2026-02-02 15:03:12,48.87802,2.17543
2026-02-02 15:03:13,,
2026-02-02 15:03:14,48.87817,2.17589
2026-02-02 15:03:15,,
2026-02-02 15:03:16,48.87828,2.17616
2026-02-02 15:03:17,,
2026-02-02 15:03:18,48.87838,2.17644
2026-02-02 15:03:19,,
2026-02-02 15:03:20,48.87847,2.17671
2026-02-02 15:03:21,,
2026-02-02 15:03:22,48.87854,2.17692
2026-02-02 15:03:23,48.87854,2.17695
2026-02-02 15:03:24,,
2026-02-02 15:03:25,48.87853,2.17693
2026-02-02 15:03:26,,
2026-02-02 15:03:27,48.87853,2.17694
2026-02-02 15:03:28,,
2026-02-02 15:03:29,48.87853,2.17695
2026-02-02 15:03:30,,
2026-02-02 15:03:31,48.87856,2.17696
2026-02-02 15:03:32,,
2026-02-02 15:03:33,48.87857,2.17698
2026-02-02 15:03:34,,
2026-02-02 15:03:35,48.87859,2.17699
2026-02-02 15:03:36,,
2026-02-02 15:03:37,48.87861,2.17699
2026-02-02 15:03:38,,
2026-02-02 15:03:39,48.87861,2.17700
2026-02-02 15:03:40,,
2026-02-02 15:03:41,48.87862,2.17699
2026-02-02 15:03:42,,
2026-02-02 15:03:43,48.87861,2.17699
2026-02-02 15:03:44,,
2026-02-02 15:03:45,48.87861,2.17699
2026-02-02 15:03:46,,
2026-02-02 15:03:47,48.87861,2.17699
2026-02-02 15:03:48,,
2026-02-02 15:03:49,48.87861,2.17698
2026-02-02 15:03:50,,
2026-02-02 15:03:51,48.87859,2.17698
2026-02-02 15:03:52,,
2026-02-02 15:03:53,48.87859,2.17698
2026-02-02 15:03:54,,
2026-02-02 15:03:55,48.87859,2.17697
2026-02-02 15:03:56,,
2026-02-02 15:03:57,48.87859,2.17697
2026-02-02 15:03:58,,
2026-02-02 15:03:59,,
2026-02-02 15:04:00,48.87859,2.17698
2026-02-02 15:04:01,,
2026-02-02 15:04:02,48.87861,2.17698
2026-02-02 15:04:03,,
2026-02-02 15:04:04,48.87862,2.17703
2026-02-02 15:04:05,,
2026-02-02 15:04:06,48.87867,2.17716
2026-02-02 15:04:07,,
2026-02-02 15:04:08,48.87871,2.17732
2026-02-02 15:04:09,,
2026-02-02 15:04:10,48.87880,2.17758
2026-02-02 15:04:11,,
2026-02-02 15:04:12,48.87886,2.17775
2026-02-02 15:04:13,,
2026-02-02 15:04:14,48.87893,2.17794
2026-02-02 15:04:15,,
2026-02-02 15:04:16,48.87901,2.17815
2026-02-02 15:04:17,48.87905,2.17825
2026-02-02 15:04:18,,
2026-02-02 15:04:19,48.87912,2.17845
2026-02-02 15:04:20,,
2026-02-02 15:04:21,48.87920,2.17865
2026-02-02 15:04:22,,
2026-02-02 15:04:23,48.87929,2.17885
2026-02-02 15:04:24,,
2026-02-02 15:04:25,48.87937,2.17907
2026-02-02 15:04:26,,
2026-02-02 15:04:27,48.87945,2.17930
2026-02-02 15:04:28,,
2026-02-02 15:04:29,48.87954,2.17951
2026-02-02 15:04:30,,
2026-02-02 15:04:31,48.87963,2.17975
2026-02-02 15:04:32,,
2026-02-02 15:04:33,48.87974,2.17998
2026-02-02 15:04:34,,
2026-02-02 15:04:35,48.87983,2.18020
2026-02-02 15:04:36,,
2026-02-02 15:04:37,48.87990,2.18041
2026-02-02 15:04:38,,
2026-02-02 15:04:39,48.87997,2.18062
2026-02-02 15:04:40,,
2026-02-02 15:04:41,48.88005,2.18082
2026-02-02 15:04:42,,
2026-02-02 15:04:43,48.88011,2.18101
2026-02-02 15:04:44,,
2026-02-02 15:04:45,48.88014,2.18107
2026-02-02 15:04:46,,
2026-02-02 15:04:47,48.88013,2.18106
2026-02-02 15:04:48,,
2026-02-02 15:04:49,48.88013,2.18106
2026-02-02 15:04:50,,
2026-02-02 15:04:51,48.88012,2.18107
2026-02-02 15:04:52,,
2026-02-02 15:04:53,,
2026-02-02 15:04:54,48.88012,2.18107
2026-02-02 15:04:55,,
2026-02-02 15:04:56,48.88011,2.18109
2026-02-02 15:04:57,,
2026-02-02 15:04:58,48.88011,2.18110
2026-02-02 15:04:59,,
2026-02-02 15:05:00,48.88010,2.18110
2026-02-02 15:05:01,,
2026-02-02 15:05:02,48.88010,2.18111
2026-02-02 15:05:03,,
2026-02-02 15:05:04,48.88010,2.18112
2026-02-02 15:05:05,,
2026-02-02 15:05:06,48.88010,2.18113
2026-02-02 15:05:07,,
2026-02-02 15:05:08,48.88010,2.18114
2026-02-02 15:05:09,,
2026-02-02 15:05:10,48.88010,2.18114
2026-02-02 15:05:11,48.88010,2.18114
2026-02-02 15:05:12,,
2026-02-02 15:05:13,48.88010,2.18116
2026-02-02 15:05:14,,
2026-02-02 15:05:15,48.88010,2.18116
2026-02-02 15:05:16,,
2026-02-02 15:05:17,48.88010,2.18116
2026-02-02 15:05:18,,
2026-02-02 15:05:19,48.88009,2.18117
2026-02-02 15:05:20,,
2026-02-02 15:05:21,48.88010,2.18119
2026-02-02 15:05:22,,
2026-02-02 15:05:23,48.88013,2.18131
2026-02-02 15:05:24,,
2026-02-02 15:05:25,48.88019,2.18148
2026-02-02 15:05:26,,
2026-02-02 15:05:27,48.88027,2.18171
2026-02-02 15:05:28,,
2026-02-02 15:05:29,48.88038,2.18198
2026-02-02 15:05:30,,
2026-02-02 15:05:31,48.88050,2.18228
2026-02-02 15:05:32,,
2026-02-02 15:05:33,48.88062,2.18259
2026-02-02 15:05:34,,
2026-02-02 15:05:35,48.88073,2.18288
2026-02-02 15:05:36,,
2026-02-02 15:05:37,48.88083,2.18319
2026-02-02 15:05:38,,
2026-02-02 15:05:39,48.88094,2.18347
2026-02-02 15:05:40,,
2026-02-02 15:05:41,48.88102,2.18375
2026-02-02 15:05:42,,
2026-02-02 15:05:43,48.88114,2.18406
2026-02-02 15:05:44,,
2026-02-02 15:05:45,48.88126,2.18440
2026-02-02 15:05:46,,
2026-02-02 15:05:47,,
2026-02-02 15:05:48,48.88135,2.18478
2026-02-02 15:05:49,,
2026-02-02 15:05:50,48.88144,2.18514
2026-02-02 15:05:51,,
2026-02-02 15:05:52,48.88156,2.18547
2026-02-02 15:05:53,,
2026-02-02 15:05:54,48.88168,2.18579
2026-02-02 15:05:55,,
2026-02-02 15:05:56,48.88181,2.18614
2026-02-02 15:05:57,,
2026-02-02 15:05:58,48.88202,2.18668
2026-02-02 15:05:59,,
2026-02-02 15:06:00,48.88216,2.18702
2026-02-02 15:06:01,,
2026-02-02 15:06:02,48.88228,2.18736
2026-02-02 15:06:03,,
2026-02-02 15:06:04,48.88239,2.18769
2026-02-02 15:06:05,,
2026-02-02 15:06:06,48.88250,2.18799
2026-02-02 15:06:07,48.88256,2.18814
2026-02-02 15:06:08,,
2026-02-02 15:06:09,48.88266,2.18843
2026-02-02 15:06:10,,
2026-02-02 15:06:11,48.88277,2.18873
2026-02-02 15:06:12,,
2026-02-02 15:06:13,48.88288,2.18902
2026-02-02 15:06:14,,
2026-02-02 15:06:15,48.88298,2.18931
2026-02-02 15:06:16,,
2026-02-02 15:06:17,48.88306,2.18958
2026-02-02 15:06:18,,
2026-02-02 15:06:19,48.88314,2.18983
2026-02-02 15:06:20,,
2026-02-02 15:06:21,48.88324,2.19010
2026-02-02 15:06:22,,
2026-02-02 15:06:23,48.88333,2.19036
2026-02-02 15:06:24,,
2026-02-02 15:06:25,48.88345,2.19062
2026-02-02 15:06:26,,
2026-02-02 15:06:27,48.88353,2.19089
2026-02-02 15:06:28,,
2026-02-02 15:06:29,48.88361,2.19114
2026-02-02 15:06:30,,
2026-02-02 15:06:31,48.88369,2.19139
2026-02-02 15:06:32,,
2026-02-02 15:06:33,48.88378,2.19164
2026-02-02 15:06:34,,
2026-02-02 15:06:35,48.88387,2.19187
2026-02-02 15:06:36,,
2026-02-02 15:06:37,48.88392,2.19203
2026-02-02 15:06:38,,
2026-02-02 15:06:39,48.88394,2.19210
2026-02-02 15:06:40,,
2026-02-02 15:06:41,48.88394,2.19211
2026-02-02 15:06:42,,
2026-02-02 15:06:43,,
2026-02-02 15:06:44,48.88394,2.19210
2026-02-02 15:06:45,,
2026-02-02 15:06:46,48.88395,2.19210
2026-02-02 15:06:47,,
2026-02-02 15:06:48,48.88394,2.19211
2026-02-02 15:06:49,,
2026-02-02 15:06:50,48.88394,2.19211
2026-02-02 15:06:51,,
2026-02-02 15:06:52,48.88394,2.19211
2026-02-02 15:06:53,,
2026-02-02 15:06:54,48.88395,2.19211
2026-02-02 15:06:55,,
2026-02-02 15:06:56,48.88397,2.19218
2026-02-02 15:06:57,,
2026-02-02 15:06:58,48.88405,2.19240
2026-02-02 15:06:59,,
2026-02-02 15:07:00,48.88420,2.19276
2026-02-02 15:07:01,,
2026-02-02 15:07:02,48.88440,2.19316
2026-02-02 15:07:03,48.88446,2.19330
2026-02-02 15:07:04,,
2026-02-02 15:07:05,48.88457,2.19357
2026-02-02 15:07:06,,
2026-02-02 15:07:07,48.88460,2.19367
2026-02-02 15:07:08,,
2026-02-02 15:07:09,48.88460,2.19367
2026-02-02 15:07:10,,
2026-02-02 15:07:11,48.88460,2.19367
2026-02-02 15:07:12,,
2026-02-02 15:07:13,48.88460,2.19369
2026-02-02 15:07:14,,
2026-02-02 15:07:15,48.88461,2.19369
2026-02-02 15:07:16,,
2026-02-02 15:07:17,48.88462,2.19370
2026-02-02 15:07:18,,
2026-02-02 15:07:19,48.88462,2.19370
2026-02-02 15:07:20,,
2026-02-02 15:07:21,48.88462,2.19370
2026-02-02 15:07:22,,
2026-02-02 15:07:23,48.88463,2.19370
2026-02-02 15:07:24,,
2026-02-02 15:07:25,48.88463,2.19370
2026-02-02 15:07:26,,
2026-02-02 15:07:27,48.88463,2.19372
2026-02-02 15:07:28,,
2026-02-02 15:07:29,48.88468,2.19383
2026-02-02 15:07:30,,
2026-02-02 15:07:31,48.88475,2.19404
2026-02-02 15:07:32,,
2026-02-02 15:07:33,48.88487,2.19434
2026-02-02 15:07:34,,
2026-02-02 15:07:35,48.88500,2.19470
2026-02-02 15:07:36,,
2026-02-02 15:07:37,48.88512,2.19501
2026-02-02 15:07:38,,
2026-02-02 15:07:39,,
2026-02-02 15:07:40,48.88519,2.19522
2026-02-02 15:07:41,,
2026-02-02 15:07:42,48.88527,2.19539
2026-02-02 15:07:43,,
2026-02-02 15:07:44,48.88530,2.19549
2026-02-02 15:07:45,,
2026-02-02 15:07:46,48.88531,2.19556
2026-02-02 15:07:47,,
2026-02-02 15:07:48,48.88532,2.19558
2026-02-02 15:07:49,,
2026-02-02 15:07:50,48.88531,2.19559
2026-02-02 15:07:51,,
2026-02-02 15:07:52,48.88531,2.19559
2026-02-02 15:07:53,,
2026-02-02 15:07:54,48.88530,2.19560
2026-02-02 15:07:55,,
2026-02-02 15:07:56,48.88530,2.19562
2026-02-02 15:07:57,48.88531,2.19565
2026-02-02 15:07:58,,
2026-02-02 15:07:59,48.88535,2.19576
2026-02-02 15:08:00,,
2026-02-02 15:08:01,48.88541,2.19590
2026-02-02 15:08:02,,
2026-02-02 15:08:03,48.88548,2.19610
2026-02-02 15:08:04,,
2026-02-02 15:08:05,48.88556,2.19634
2026-02-02 15:08:06,,
2026-02-02 15:08:07,48.88565,2.19658
2026-02-02 15:08:08,,
2026-02-02 15:08:09,48.88572,2.19679
2026-02-02 15:08:10,,
2026-02-02 15:08:11,48.88579,2.19701
2026-02-02 15:08:12,,
2026-02-02 15:08:13,48.88588,2.19728
2026-02-02 15:08:14,,
2026-02-02 15:08:15,48.88599,2.19757
2026-02-02 15:08:16,,
2026-02-02 15:08:17,48.88609,2.19791
2026-02-02 15:08:18,,
2026-02-02 15:08:19,48.88619,2.19823
2026-02-02 15:08:20,,
2026-02-02 15:08:21,48.88631,2.19854
2026-02-02 15:08:22,,
2026-02-02 15:08:23,48.88641,2.19885
2026-02-02 15:08:24,,
2026-02-02 15:08:25,48.88653,2.19916
2026-02-02 15:08:26,,
2026-02-02 15:08:27,48.88664,2.19950
2026-02-02 15:08:28,,
2026-02-02 15:08:29,48.88681,2.19985
2026-02-02 15:08:30,,
2026-02-02 15:08:31,48.88697,2.20016
2026-02-02 15:08:32,,
2026-02-02 15:08:33,,
2026-02-02 15:08:34,,
2026-02-02 15:08:35,,
2026-02-02 15:08:36,,
2026-02-02 15:08:37,,
2026-02-02 15:08:38,48.88722,2.20118
2026-02-02 15:08:39,,
2026-02-02 15:08:40,48.88714,2.20162
2026-02-02 15:08:41,,
2026-02-02 15:08:42,48.88708,2.20216
2026-02-02 15:08:43,,
2026-02-02 15:08:44,48.88702,2.20262
2026-02-02 15:08:45,,
2026-02-02 15:08:46,48.88697,2.20330
2026-02-02 15:08:47,,
2026-02-02 15:08:48,48.88693,2.20372
2026-02-02 15:08:49,,
2026-02-02 15:08:50,48.88687,2.20410
2026-02-02 15:08:51,,
2026-02-02 15:08:52,48.88681,2.20445
2026-02-02 15:08:53,,
2026-02-02 15:08:54,48.88678,2.20479
2026-02-02 15:08:55,48.88677,2.20494
2026-02-02 15:08:56,,
2026-02-02 15:08:57,48.88675,2.20525
2026-02-02 15:08:58,,
2026-02-02 15:08:59,48.88673,2.20556
2026-02-02 15:09:00,,
2026-02-02 15:09:01,48.88670,2.20593
2026-02-02 15:09:02,,
2026-02-02 15:09:03,48.88668,2.20630
2026-02-02 15:09:04,,
2026-02-02 15:09:05,48.88666,2.20667
2026-02-02 15:09:06,,
2026-02-02 15:09:07,48.88663,2.20703
2026-02-02 15:09:08,,
2026-02-02 15:09:09,48.88660,2.20737
2026-02-02 15:09:10,,
2026-02-02 15:09:11,48.88658,2.20767
2026-02-02 15:09:12,,
2026-02-02 15:09:13,48.88656,2.20795
2026-02-02 15:09:14,,
2026-02-02 15:09:15,48.88653,2.20821
2026-02-02 15:09:16,,
2026-02-02 15:09:17,48.88652,2.20840
2026-02-02 15:09:18,,
2026-02-02 15:09:19,48.88651,2.20853
2026-02-02 15:09:20,,
2026-02-02 15:09:21,48.88650,2.20858
2026-02-02 15:09:22,,
2026-02-02 15:09:23,48.88651,2.20859
2026-02-02 15:09:24,,
2026-02-02 15:09:25,48.88652,2.20859
2026-02-02 15:09:26,,
2026-02-02 15:09:27,48.88652,2.20858
2026-02-02 15:09:28,,
2026-02-02 15:09:29,,
2026-02-02 15:09:30,48.88652,2.20858
2026-02-02 15:09:31,,
2026-02-02 15:09:32,48.88652,2.20858
2026-02-02 15:09:33,,
2026-02-02 15:09:34,48.88652,2.20859
2026-02-02 15:09:35,,
2026-02-02 15:09:36,48.88652,2.20859
2026-02-02 15:09:37,,
2026-02-02 15:09:38,48.88652,2.20860
2026-02-02 15:09:39,,
2026-02-02 15:09:40,48.88652,2.20866
2026-02-02 15:09:41,,
2026-02-02 15:09:42,48.88651,2.20888
2026-02-02 15:09:43,,
2026-02-02 15:09:44,48.88649,2.20898
2026-02-02 15:09:45,,
2026-02-02 15:09:46,48.88649,2.20906
2026-02-02 15:09:47,,
2026-02-02 15:09:48,48.88649,2.20911
2026-02-02 15:09:49,48.88649,2.20912
2026-02-02 15:09:50,,
2026-02-02 15:09:51,48.88650,2.20913
2026-02-02 15:09:52,,
2026-02-02 15:09:53,48.88650,2.20912
2026-02-02 15:09:54,,
2026-02-02 15:09:55,48.88650,2.20912
2026-02-02 15:09:56,,
2026-02-02 15:09:57,48.88650,2.20912
2026-02-02 15:09:58,,
2026-02-02 15:09:59,48.88650,2.20913
2026-02-02 15:10:00,,
2026-02-02 15:10:01,48.88650,2.20915
2026-02-02 15:10:02,,
2026-02-02 15:10:03,48.88650,2.20916
2026-02-02 15:10:04,,
2026-02-02 15:10:05,48.88650,2.20916
2026-02-02 15:10:06,,
2026-02-02 15:10:07,48.88650,2.20915
2026-02-02 15:10:08,,
2026-02-02 15:10:09,48.88650,2.20915
2026-02-02 15:10:10,,
2026-02-02 15:10:11,48.88650,2.20916
2026-02-02 15:10:12,,
2026-02-02 15:10:13,48.88650,2.20918
2026-02-02 15:10:14,,
2026-02-02 15:10:15,48.88649,2.20918
2026-02-02 15:10:16,,
2026-02-02 15:10:17,48.88649,2.20918
2026-02-02 15:10:18,,
2026-02-02 15:10:19,48.88653,2.20922
2026-02-02 15:10:20,,
2026-02-02 15:10:21,48.88664,2.20914
2026-02-02 15:10:22,,
2026-02-02 15:10:23,48.88673,2.20896
2026-02-02 15:10:24,,
2026-02-02 15:10:25,,
2026-02-02 15:10:26,48.88680,2.20879
2026-02-02 15:10:27,,
2026-02-02 15:10:28,48.88688,2.20860
2026-02-02 15:10:29,,
2026-02-02 15:10:30,48.88697,2.20839
2026-02-02 15:10:31,,
2026-02-02 15:10:32,48.88706,2.20816
2026-02-02 15:10:33,,
2026-02-02 15:10:34,48.88716,2.20793
2026-02-02 15:10:35,,
2026-02-02 15:10:36,48.88731,2.20758
2026-02-02 15:10:37,,
2026-02-02 15:10:38,48.88741,2.20735
2026-02-02 15:10:39,,
2026-02-02 15:10:40,48.88753,2.20712
2026-02-02 15:10:41,,
2026-02-02 15:10:42,48.88763,2.20688
2026-02-02 15:10:43,,
2026-02-02 15:10:44,48.88775,2.20665
2026-02-02 15:10:45,48.88783,2.20655
2026-02-02 15:10:46,,
2026-02-02 15:10:47,48.88797,2.20634
2026-02-02 15:10:48,,
2026-02-02 15:10:49,48.88811,2.20612
2026-02-02 15:10:50,,
2026-02-02 15:10:51,48.88826,2.20590
2026-02-02 15:10:52,,
2026-02-02 15:10:53,48.88841,2.20568
2026-02-02 15:10:54,,
2026-02-02 15:10:55,48.88857,2.20547
2026-02-02 15:10:56,,
2026-02-02 15:10:57,48.88871,2.20526
2026-02-02 15:10:58,,
2026-02-02 15:10:59,48.88882,2.20505
2026-02-02 15:11:00,,
2026-02-02 15:11:01,48.88891,2.20479
2026-02-02 15:11:02,,
2026-02-02 15:11:03,48.88900,2.20457
2026-02-02 15:11:04,,
2026-02-02 15:11:05,48.88908,2.20443
2026-02-02 15:11:06,,
2026-02-02 15:11:07,48.88910,2.20438
2026-02-02 15:11:08,,
2026-02-02 15:11:09,48.88910,2.20437
2026-02-02 15:11:10,,
2026-02-02 15:11:11,48.88910,2.20438
2026-02-02 15:11:12,,
2026-02-02 15:11:13,48.88910,2.20438
2026-02-02 15:11:14,,
2026-02-02 15:11:15,48.88911,2.20438
2026-02-02 15:11:16,,
2026-02-02 15:11:17,48.88910,2.20438
2026-02-02 15:11:18,,
2026-02-02 15:11:19,,
2026-02-02 15:11:20,48.88911,2.20438
2026-02-02 15:11:21,,
2026-02-02 15:11:22,48.88910,2.20438
2026-02-02 15:11:23,,
2026-02-02 15:11:24,48.88910,2.20438
2026-02-02 15:11:25,,
2026-02-02 15:11:26,48.88910,2.20438
2026-02-02 15:11:27,,
2026-02-02 15:11:28,48.88910,2.20438
2026-02-02 15:11:29,,
2026-02-02 15:11:30,48.88910,2.20438
2026-02-02 15:11:31,,
2026-02-02 15:11:32,48.88910,2.20438
2026-02-02 15:11:33,,
2026-02-02 15:11:34,48.88910,2.20438
2026-02-02 15:11:35,,
2026-02-02 15:11:36,48.88910,2.20438
2026-02-02 15:11:37,,
2026-02-02 15:11:38,48.88910,2.20438
2026-02-02 15:11:39,48.88910,2.20438
2026-02-02 15:11:40,,
2026-02-02 15:11:41,48.88910,2.20438
2026-02-02 15:11:42,,
2026-02-02 15:11:43,48.88910,2.20438
2026-02-02 15:11:44,,
2026-02-02 15:11:45,48.88910,2.20438
2026-02-02 15:11:46,,
2026-02-02 15:11:47,48.88910,2.20438
2026-02-02 15:11:48,,
2026-02-02 15:11:49,48.88910,2.20439
2026-02-02 15:11:50,,
2026-02-02 15:11:51,48.88910,2.20438
2026-02-02 15:11:52,,
2026-02-02 15:11:53,48.88910,2.20438
2026-02-02 15:11:54,,
2026-02-02 15:11:55,48.88911,2.20439
2026-02-02 15:11:56,,
2026-02-02 15:11:57,48.88911,2.20438
2026-02-02 15:11:58,,
2026-02-02 15:11:59,48.88911,2.20439
2026-02-02 15:12:00,,
2026-02-02 15:12:01,48.88911,2.20439
2026-02-02 15:12:02,,
2026-02-02 15:12:03,48.88911,2.20439
2026-02-02 15:12:04,,
2026-02-02 15:12:05,48.88912,2.20439
2026-02-02 15:12:06,,
2026-02-02 15:12:07,48.88912,2.20439
2026-02-02 15:12:08,,
2026-02-02 15:12:09,48.88912,2.20439
2026-02-02 15:12:10,,
2026-02-02 15:12:11,48.88912,2.20440
2026-02-02 15:12:12,,
2026-02-02 15:12:13,48.88913,2.20439
2026-02-02 15:12:14,,
2026-02-02 15:12:15,,
2026-02-02 15:12:16,48.88914,2.20437
2026-02-02 15:12:17,,
2026-02-02 15:12:18,48.88924,2.20428
2026-02-02 15:12:19,,
2026-02-02 15:12:20,48.88937,2.20417
2026-02-02 15:12:21,,
2026-02-02 15:12:22,48.88948,2.20402
2026-02-02 15:12:23,,
2026-02-02 15:12:24,48.88958,2.20386
2026-02-02 15:12:25,,
2026-02-02 15:12:26,48.88971,2.20363
2026-02-02 15:12:27,,
2026-02-02 15:12:28,48.88981,2.20348
2026-02-02 15:12:29,,
2026-02-02 15:12:30,48.88989,2.20337
2026-02-02 15:12:31,,
2026-02-02 15:12:32,48.88994,2.20327
2026-02-02 15:12:33,,
2026-02-02 15:12:34,48.89001,2.20316
2026-02-02 15:12:35,48.89005,2.20308
2026-02-02 15:12:36,,
2026-02-02 15:12:37,48.89013,2.20292
2026-02-02 15:12:38,,
2026-02-02 15:12:39,48.89021,2.20277
2026-02-02 15:12:40,,
2026-02-02 15:12:41,48.89028,2.20262
2026-02-02 15:12:42,,
2026-02-02 15:12:43,48.89036,2.20248
2026-02-02 15:12:44,,
2026-02-02 15:12:45,48.89042,2.20235
2026-02-02 15:12:46,,
2026-02-02 15:12:47,48.89048,2.20223
2026-02-02 15:12:48,,
2026-02-02 15:12:49,48.89053,2.20213
2026-02-02 15:12:50,,
2026-02-02 15:12:51,48.89060,2.20201
2026-02-02 15:12:52,,
2026-02-02 15:12:53,48.89066,2.20189
2026-02-02 15:12:54,,
2026-02-02 15:12:55,48.89071,2.20178
2026-02-02 15:12:56,,
2026-02-02 15:12:57,48.89078,2.20164
2026-02-02 15:12:58,,
2026-02-02 15:12:59,48.89085,2.20151
2026-02-02 15:13:00,,
2026-02-02 15:13:01,48.89091,2.20138
2026-02-02 15:13:02,,
2026-02-02 15:13:03,48.89097,2.20125
2026-02-02 15:13:04,,
2026-02-02 15:13:05,48.89105,2.20113
2026-02-02 15:13:06,,
2026-02-02 15:13:07,48.89111,2.20102
2026-02-02 15:13:08,,
2026-02-02 15:13:09,,
2026-02-02 15:13:10,48.89115,2.20092
2026-02-02 15:13:11,,
2026-02-02 15:13:12,48.89122,2.20080
2026-02-02 15:13:13,,
2026-02-02 15:13:14,48.89126,2.20070
2026-02-02 15:13:15,,
2026-02-02 15:13:16,48.89124,2.20058
2026-02-02 15:13:17,,
2026-02-02 15:13:18,48.89114,2.20046
2026-02-02 15:13:19,,
2026-02-02 15:13:20,48.89102,2.20030
2026-02-02 15:13:21,,
2026-02-02 15:13:22,48.89085,2.20004
2026-02-02 15:13:23,,
2026-02-02 15:13:24,48.89076,2.19989
2026-02-02 15:13:25,,
2026-02-02 15:13:26,48.89067,2.19972
2026-02-02 15:13:27,,
2026-02-02 15:13:28,48.89055,2.19954
2026-02-02 15:13:29,48.89050,2.19945
2026-02-02 15:13:30,,
2026-02-02 15:13:31,48.89041,2.19928
2026-02-02 15:13:32,,
2026-02-02 15:13:33,48.89032,2.19913
2026-02-02 15:13:34,,
2026-02-02 15:13:35,48.89024,2.19900
2026-02-02 15:13:36,,
2026-02-02 15:13:37,48.89016,2.19889
2026-02-02 15:13:38,,
2026-02-02 15:13:39,48.89012,2.19882
2026-02-02 15:13:40,,
2026-02-02 15:13:41,48.89010,2.19879
2026-02-02 15:13:42,,
2026-02-02 15:13:43,48.89008,2.19874
2026-02-02 15:13:44,,
2026-02-02 15:13:45,48.89008,2.19872
2026-02-02 15:13:46,,
2026-02-02 15:13:47,48.89007,2.19871
2026-02-02 15:13:48,,
2026-02-02 15:13:49,48.89006,2.19869
2026-02-02 15:13:50,,
2026-02-02 15:13:51,48.89006,2.19869
2026-02-02 15:13:52,,
2026-02-02 15:13:53,48.89006,2.19868
2026-02-02 15:13:54,,
2026-02-02 15:13:55,48.89005,2.19867
2026-02-02 15:13:56,,
2026-02-02 15:13:57,48.89002,2.19861
2026-02-02 15:13:58,,
2026-02-02 15:13:59,48.88997,2.19852
2026-02-02 15:14:00,,
2026-02-02 15:14:01,48.88991,2.19844
2026-02-02 15:14:02,,
2026-02-02 15:14:03,48.88982,2.19832
2026-02-02 15:14:04,,
2026-02-02 15:14:05,,
2026-02-02 15:14:06,48.88975,2.19824
2026-02-02 15:14:07,,
2026-02-02 15:14:08,48.88971,2.19819
2026-02-02 15:14:09,,
2026-02-02 15:14:10,48.88968,2.19817
2026-02-02 15:14:11,,
2026-02-02 15:14:12,48.88965,2.19812
2026-02-02 15:14:13,,
2026-02-02 15:14:14,48.88964,2.19809
2026-02-02 15:14:15,,
2026-02-02 15:14:16,48.88964,2.19808
2026-02-02 15:14:17,,
2026-02-02 15:14:18,48.88963,2.19807
2026-02-02 15:14:19,,
2026-02-02 15:14:20,48.88963,2.19806
2026-02-02 15:14:21,,
2026-02-02 15:14:22,48.88963,2.19804
2026-02-02 15:14:23,,
2026-02-02 15:14:24,48.88963,2.19802
2026-02-02 15:14:25,48.88963,2.19802
2026-02-02 15:14:26,,
2026-02-02 15:14:27,48.88964,2.19801
2026-02-02 15:14:28,,
2026-02-02 15:14:29,48.88963,2.19801
2026-02-02 15:14:30,,
2026-02-02 15:14:31,48.88963,2.19801
2026-02-02 15:14:32,,
2026-02-02 15:14:33,48.88964,2.19801
2026-02-02 15:14:34,,
2026-02-02 15:14:35,48.88965,2.19800
2026-02-02 15:14:36,,
2026-02-02 15:14:37,48.88963,2.19800
2026-02-02 15:14:38,,
2026-02-02 15:14:39,48.88963,2.19800
2026-02-02 15:14:40,,
2026-02-02 15:14:41,48.88964,2.19799
2026-02-02 15:14:42,,
2026-02-02 15:14:43,48.88966,2.19794
2026-02-02 15:14:44,,
2026-02-02 15:14:45,48.88971,2.19788
2026-02-02 15:14:46,,
2026-02-02 15:14:47,48.88975,2.19782
2026-02-02 15:14:48,,
2026-02-02 15:14:49,48.88978,2.19778
2026-02-02 15:14:50,,
2026-02-02 15:14:51,48.88981,2.19774
2026-02-02 15:14:52,,
2026-02-02 15:14:53,48.88982,2.19772
2026-02-02 15:14:54,,
2026-02-02 15:14:55,48.88983,2.19770
2026-02-02 15:14:56,,
2026-02-02 15:14:57,48.88984,2.19770
2026-02-02 15:14:58,,
2026-02-02 15:14:59,48.88985,2.19770
2026-02-02 15:15:00,,
2026-02-02 15:15:01,,
2026-02-02 15:15:02,48.88985,2.19771
2026-02-02 15:15:03,,
2026-02-02 15:15:04,48.88986,2.19771
2026-02-02 15:15:05,,
2026-02-02 15:15:06,48.88987,2.19771
2026-02-02 15:15:07,,
2026-02-02 15:15:08,48.88987,2.19772
2026-02-02 15:15:09,,
2026-02-02 15:15:10,48.88987,2.19773
2026-02-02 15:15:11,,
2026-02-02 15:15:12,48.88987,2.19773
2026-02-02 15:15:13,,
2026-02-02 15:15:14,48.88987,2.19773
2026-02-02 15:15:15,,
2026-02-02 15:15:16,48.88987,2.19773
2026-02-02 15:15:17,,
2026-02-02 15:15:18,48.88989,2.19773
2026-02-02 15:15:19,,
2026-02-02 15:15:20,48.88989,2.19773
2026-02-02 15:15:21,48.88987,2.19773
2026-02-02 15:15:22,,
2026-02-02 15:15:23,48.88989,2.19774
2026-02-02 15:15:24,,
2026-02-02 15:15:25,48.88989,2.19774
2026-02-02 15:15:26,,
2026-02-02 15:15:27,48.88987,2.19775
2026-02-02 15:15:28,,
2026-02-02 15:15:29,48.88989,2.19773
2026-02-02 15:15:30,,
2026-02-02 15:15:31,48.88989,2.19773
2026-02-02 15:15:32,,
2026-02-02 15:15:33,48.88987,2.19773
2026-02-02 15:15:34,,
2026-02-02 15:15:35,48.88989,2.19774
2026-02-02 15:15:36,,
2026-02-02 15:15:37,48.88989,2.19774
2026-02-02 15:15:38,,
2026-02-02 15:15:39,48.88989,2.19774
2026-02-02 15:15:40,,
2026-02-02 15:15:41,48.88992,2.19769
2026-02-02 15:15:42,,
2026-02-02 15:15:43,48.88998,2.19760
2026-02-02 15:15:44,,
2026-02-02 15:15:45,48.89004,2.19751
2026-02-02 15:15:46,,
2026-02-02 15:15:47,48.89008,2.19737
2026-02-02 15:15:48,,
2026-02-02 15:15:49,48.89012,2.19720
2026-02-02 15:15:50,,
2026-02-02 15:15:51,48.89016,2.19703
2026-02-02 15:15:52,,
2026-02-02 15:15:53,48.89021,2.19686
2026-02-02 15:15:54,,
2026-02-02 15:15:55,48.89026,2.19672
2026-02-02 15:15:56,,
2026-02-02 15:15:57,,
2026-02-02 15:15:58,48.89030,2.19660
2026-02-02 15:15:59,,
2026-02-02 15:16:00,48.89032,2.19647
2026-02-02 15:16:01,,
2026-02-02 15:16:02,48.89033,2.19634
2026-02-02 15:16:03,,
2026-02-02 15:16:04,48.89032,2.19618
2026-02-02 15:16:05,,
2026-02-02 15:16:06,48.89032,2.19604
2026-02-02 15:16:07,,
2026-02-02 15:16:08,48.89031,2.19592
2026-02-02 15:16:09,,
2026-02-02 15:16:10,48.89032,2.19574
2026-02-02 15:16:11,,
2026-02-02 15:16:12,48.89031,2.19565
2026-02-02 15:16:13,,
2026-02-02 15:16:14,48.89032,2.19557
2026-02-02 15:16:15,,
2026-02-02 15:16:16,48.89033,2.19555
2026-02-02 15:16:17,48.89032,2.19555
2026-02-02 15:16:18,,
2026-02-02 15:16:19,48.89032,2.19554
2026-02-02 15:16:20,,
2026-02-02 15:16:21,48.89032,2.19547
2026-02-02 15:16:22,,
2026-02-02 15:16:23,48.89031,2.19540
2026-02-02 15:16:24,,
2026-02-02 15:16:25,48.89030,2.19536
2026-02-02 15:16:26,,
2026-02-02 15:16:27,48.89029,2.19535
2026-02-02 15:16:28,,
2026-02-02 15:16:29,48.89029,2.19534
2026-02-02 15:16:30,,
2026-02-02 15:16:31,48.89024,2.19530
2026-02-02 15:16:32,,
2026-02-02 15:16:33,48.89013,2.19521
2026-02-02 15:16:34,,
2026-02-02 15:16:35,48.89001,2.19512
2026-02-02 15:16:36,,
2026-02-02 15:16:37,48.88989,2.19505
2026-02-02 15:16:38,,
2026-02-02 15:16:39,48.88980,2.19499
2026-02-02 15:16:40,,
2026-02-02 15:16:41,48.88969,2.19494
2026-02-02 15:16:42,,
2026-02-02 15:16:43,48.88960,2.19486
2026-02-02 15:16:44,,
2026-02-02 15:16:45,48.88952,2.19479
2026-02-02 15:16:46,,
2026-02-02 15:16:47,48.88943,2.19475
2026-02-02 15:16:48,,
2026-02-02 15:16:49,48.88931,2.19468
2026-02-02 15:16:50,,
2026-02-02 15:16:51,,
2026-02-02 15:16:52,48.88923,2.19457
2026-02-02 15:16:53,,
2026-02-02 15:16:54,48.88911,2.19446
2026-02-02 15:16:55,,
2026-02-02 15:16:56,48.88900,2.19437
2026-02-02 15:16:57,,
2026-02-02 15:16:58,48.88890,2.19432
2026-02-02 15:16:59,,
2026-02-02 15:17:00,48.88881,2.19424
2026-02-02 15:17:01,,
2026-02-02 15:17:02,48.88874,2.19417
2026-02-02 15:17:03,,
2026-02-02 15:17:04,48.88872,2.19409
2026-02-02 15:17:05,,
2026-02-02 15:17:06,48.88870,2.19401
2026-02-02 15:17:07,,
2026-02-02 15:17:08,48.88868,2.19390
2026-02-02 15:17:09,,
2026-02-02 15:17:10,48.88866,2.19381
2026-02-02 15:17:11,,
2026-02-02 15:17:12,48.88864,2.19377
2026-02-02 15:17:13,48.88862,2.19378
2026-02-02 15:17:14,,
2026-02-02 15:17:15,48.88858,2.19376
2026-02-02 15:17:16,,
2026-02-02 15:17:17,48.88853,2.19372
2026-02-02 15:17:18,,
2026-02-02 15:17:19,48.88845,2.19369
2026-02-02 15:17:20,,
2026-02-02 15:17:21,48.88836,2.19364
2026-02-02 15:17:22,,
2026-02-02 15:17:23,48.88829,2.19356
2026-02-02 15:17:24,,
2026-02-02 15:17:25,48.88821,2.19342
2026-02-02 15:17:26,,
2026-02-02 15:17:27,48.88813,2.19327
2026-02-02 15:17:28,,
2026-02-02 15:17:29,48.88803,2.19310
2026-02-02 15:17:30,,
2026-02-02 15:17:31,48.88795,2.19292
2026-02-02 15:17:32,,
2026-02-02 15:17:33,48.88785,2.19277
2026-02-02 15:17:34,,
2026-02-02 15:17:35,48.88776,2.19265
2026-02-02 15:17:36,,
2026-02-02 15:17:37,48.88768,2.19251
2026-02-02 15:17:38,,
2026-02-02 15:17:39,48.88760,2.19236
2026-02-02 15:17:40,,
2026-02-02 15:17:41,48.88753,2.19225
2026-02-02 15:17:42,,
2026-02-02 15:17:43,48.88745,2.19215
2026-02-02 15:17:44,,
2026-02-02 15:17:45,48.88738,2.19203
2026-02-02 15:17:46,,
2026-02-02 15:17:47,,
2026-02-02 15:17:48,48.88728,2.19190
2026-02-02 15:17:49,,
2026-02-02 15:17:50,48.88719,2.19178
2026-02-02 15:17:51,,
2026-02-02 15:17:52,48.88711,2.19168
2026-02-02 15:17:53,,
2026-02-02 15:17:54,48.88706,2.19159
2026-02-02 15:17:55,,
2026-02-02 15:17:56,48.88706,2.19155
2026-02-02 15:17:57,,
2026-02-02 15:17:58,48.88708,2.19146
2026-02-02 15:17:59,,
2026-02-02 15:18:00,48.88715,2.19134
2026-02-02 15:18:01,,
2026-02-02 15:18:02,48.88723,2.19116
2026-02-02 15:18:03,,
2026-02-02 15:18:04,48.88731,2.19101
2026-02-02 15:18:05,48.88736,2.19095
2026-02-02 15:18:06,,
2026-02-02 15:18:07,48.88740,2.19081
2026-02-02 15:18:08,,
2026-02-02 15:18:09,48.88747,2.19064
2026-02-02 15:18:10,,
2026-02-02 15:18:11,48.88755,2.19047
2026-02-02 15:18:12,,
2026-02-02 15:18:13,48.88763,2.19030
2026-02-02 15:18:14,,
2026-02-02 15:18:15,48.88773,2.19013
2026-02-02 15:18:16,,
2026-02-02 15:18:17,48.88781,2.18997
2026-02-02 15:18:18,,
2026-02-02 15:18:19,48.88784,2.18986
2026-02-02 15:18:20,,
2026-02-02 15:18:21,48.88786,2.18984
2026-02-02 15:18:22,,
2026-02-02 15:18:23,48.88788,2.18985
2026-02-02 15:18:24,,
2026-02-02 15:18:25,48.88788,2.18986
2026-02-02 15:18:26,,
2026-02-02 15:18:27,48.88789,2.18987
2026-02-02 15:18:28,,
2026-02-02 15:18:29,48.88789,2.18987
2026-02-02 15:18:30,,
2026-02-02 15:18:31,48.88788,2.18987
2026-02-02 15:18:32,,
2026-02-02 15:18:33,48.88788,2.18987
2026-02-02 15:18:34,,
2026-02-02 15:18:35,48.88788,2.18987
2026-02-02 15:18:36,,
2026-02-02 15:18:37,48.88786,2.18987
2026-02-02 15:18:38,,
2026-02-02 15:18:39,48.88786,2.18987
2026-02-02 15:18:40,,
2026-02-02 15:18:41,,
2026-02-02 15:18:42,48.88786,2.18987
2026-02-02 15:18:43,,
2026-02-02 15:18:44,48.88785,2.18987
2026-02-02 15:18:45,,
2026-02-02 15:18:46,48.88785,2.18988
2026-02-02 15:18:47,,
2026-02-02 15:18:48,48.88785,2.18988
2026-02-02 15:18:49,,
2026-02-02 15:18:50,48.88785,2.18991
2026-02-02 15:18:51,,
2026-02-02 15:18:52,48.88784,2.18993
2026-02-02 15:18:53,,
2026-02-02 15:18:54,48.88783,2.18996
2026-02-02 15:18:55,,
2026-02-02 15:18:56,48.88782,2.18997
2026-02-02 15:18:57,,
2026-02-02 15:18:58,48.88783,2.18999
2026-02-02 15:18:59,,
2026-02-02 15:19:00,48.88783,2.18999
2026-02-02 15:19:01,48.88783,2.18998
2026-02-02 15:19:02,,
2026-02-02 15:19:03,48.88783,2.18998
2026-02-02 15:19:04,,
2026-02-02 15:19:05,48.88783,2.18998
2026-02-02 15:19:06,,
2026-02-02 15:19:07,48.88784,2.18997
2026-02-02 15:19:08,,
2026-02-02 15:19:09,48.88784,2.18997
2026-02-02 15:19:10,,
2026-02-02 15:19:11,48.88785,2.18996
2026-02-02 15:19:12,,
2026-02-02 15:19:13,48.88786,2.18996
2026-02-02 15:19:14,,
2026-02-02 15:19:15,48.88786,2.18996
2026-02-02 15:19:16,,
2026-02-02 15:19:17,48.88786,2.18996
2026-02-02 15:19:18,,
2026-02-02 15:19:19,48.88786,2.18995
2026-02-02 15:19:20,,
2026-02-02 15:19:21,48.88786,2.18995
2026-02-02 15:19:22,,
2026-02-02 15:19:23,48.88786,2.18996
2026-02-02 15:19:24,,
2026-02-02 15:19:25,48.88788,2.18995
2026-02-02 15:19:26,,
2026-02-02 15:19:27,48.88788,2.18995
2026-02-02 15:19:28,,
2026-02-02 15:19:29,48.88788,2.18996
2026-02-02 15:19:30,,
2026-02-02 15:19:31,48.88786,2.18995
2026-02-02 15:19:32,,
2026-02-02 15:19:33,48.88786,2.18995
2026-02-02 15:19:34,,
2026-02-02 15:19:35,48.88786,2.18995
2026-02-02 15:19:36,,
2026-02-02 15:19:37,48.88786,2.18995
2026-02-02 15:19:38,,
2026-02-02 15:19:39,,
2026-02-02 15:19:40,48.88786,2.18995
2026-02-02 15:19:41,,
2026-02-02 15:19:42,48.88788,2.18995
2026-02-02 15:19:43,,
2026-02-02 15:19:44,48.88788,2.18996
2026-02-02 15:19:45,,
2026-02-02 15:19:46,48.88788,2.18996
2026-02-02 15:19:47,,
2026-02-02 15:19:48,48.88788,2.18996
2026-02-02 15:19:49,,
2026-02-02 15:19:50,48.88788,2.18996
2026-02-02 15:19:51,,
2026-02-02 15:19:52,48.88788,2.18996
2026-02-02 15:19:53,,
2026-02-02 15:19:54,48.88788,2.18996
2026-02-02 15:19:55,,
2026-02-02 15:19:56,48.88788,2.18996
2026-02-02 15:19:57,,
2026-02-02 15:19:58,48.88788,2.18996
2026-02-02 15:19:59,,
2026-02-02 15:20:00,48.88786,2.18996
2026-02-02 15:20:01,,
2026-02-02 15:20:02,48.88786,2.18996
2026-02-02 15:20:03,,
2026-02-02 15:20:04,48.88784,2.18996
2026-02-02 15:20:05,48.88785,2.18995
2026-02-02 15:20:06,,
2026-02-02 15:20:07,48.88784,2.18995
2026-02-02 15:20:08,,
2026-02-02 15:20:09,48.88784,2.18995
2026-02-02 15:20:10,,
2026-02-02 15:20:11,48.88784,2.18996
2026-02-02 15:20:12,,
2026-02-02 15:20:13,48.88785,2.18995
2026-02-02 15:20:14,,
2026-02-02 15:20:15,48.88785,2.18995
2026-02-02 15:20:16,,
2026-02-02 15:20:17,48.88785,2.18996
2026-02-02 15:20:18,,
2026-02-02 15:20:19,48.88785,2.18995
2026-02-02 15:20:20,,
2026-02-02 15:20:21,48.88785,2.18995
2026-02-02 15:20:22,,
2026-02-02 15:20:23,48.88785,2.18996
2026-02-02 15:20:24,,
2026-02-02 15:20:25,48.88785,2.18996
2026-02-02 15:20:26,,
2026-02-02 15:20:27,48.88785,2.18996
2026-02-02 15:20:28,,
2026-02-02 15:20:29,48.88785,2.18996
2026-02-02 15:20:30,,
2026-02-02 15:20:31,48.88785,2.18997
2026-02-02 15:20:32,,
2026-02-02 15:20:33,48.88785,2.18997
2026-02-02 15:20:34,,
2026-02-02 15:20:35,48.88784,2.18997
2026-02-02 15:20:36,,
2026-02-02 15:20:37,48.88784,2.18997
2026-02-02 15:20:38,,
2026-02-02 15:20:39,48.88783,2.18997
2026-02-02 15:20:40,,
2026-02-02 15:20:41,48.88783,2.18997
2026-02-02 15:20:42,,
2026-02-02 15:20:43,48.88783,2.18997
2026-02-02 15:20:44,,
2026-02-02 15:20:45,,
2026-02-02 15:20:46,48.88783,2.18997
2026-02-02 15:20:47,,
2026-02-02 15:20:48,48.88783,2.18997
2026-02-02 15:20:49,,
2026-02-02 15:20:50,48.88783,2.18997
2026-02-02 15:20:51,,
2026-02-02 15:20:52,48.88783,2.18997
2026-02-02 15:20:53,,
2026-02-02 15:20:54,48.88783,2.18997
2026-02-02 15:20:55,,
2026-02-02 15:20:56,48.88783,2.18997
2026-02-02 15:20:57,,
2026-02-02 15:20:58,48.88783,2.18998
2026-02-02 15:20:59,,
2026-02-02 15:21:00,48.88783,2.18998
2026-02-02 15:21:01,,
2026-02-02 15:21:02,48.88783,2.18998
2026-02-02 15:21:03,,
2026-02-02 15:21:04,48.88783,2.18998
2026-02-02 15:21:05,,
2026-02-02 15:21:06,48.88783,2.18998
2026-02-02 15:21:07,,
2026-02-02 15:21:08,48.88782,2.18998
2026-02-02 15:21:09,48.88782,2.18998
2026-02-02 15:21:10,,
2026-02-02 15:21:11,48.88782,2.18998
2026-02-02 15:21:12,,
2026-02-02 15:21:13,48.88782,2.18997
2026-02-02 15:21:14,,
2026-02-02 15:21:15,48.88782,2.18997
2026-02-02 15:21:16,,
2026-02-02 15:21:17,48.88783,2.18997
2026-02-02 15:21:18,,

